Fecha;NO(µg/m³);NO2(µg/m³);PM10(µg/m³);NOx(µg/m³);PM2.5(µg/m³)
16/10/2018;38;59;54;117;20
17/10/2018;32;60;44;109;21
18/10/2018;51;62;29;141;21
19/10/2018;32;62;17;111;10
20/10/2018;20;49;30;80;22
21/10/2018;15;59;44;82;30
22/10/2018;55;68;52;153;31
23/10/2018;36;66;48;122;32
24/10/2018;50;76;48;153;29
25/10/2018;60;88;47;181;24
26/10/2018;38;63;52;121;28
27/10/2018;17;31;18;57;13
28/10/2018;5;11;8;19;5
29/10/2018;19;30;15;59;5
30/10/2018;22;37;17;72;11
31/10/2018;16;32;10;57;7
01/11/2018;25;33;20;71;12
02/11/2018;68;48;37;153;21
03/11/2018;23;38;24;72;14
04/11/2018;18;35;24;62;14
05/11/2018;48;43;29;116;15
06/11/2018;15;30;12;53;6
07/11/2018;23;36;20;71;9
08/11/2018;33;40;29;91;16
09/11/2018;26;37;18;77;7
10/11/2018;13;28;14;48;8
11/11/2018;12;26;17;43;10
12/11/2018;37;44;36;100;23
13/11/2018;31;43;46;90;31
14/11/2018;23;40;43;75;31
15/11/2018;24;37;34;74;26
16/11/2018;29;40;28;85;22
17/11/2018;18;36;32;64;24
18/11/2018;15;33;19;56;14
19/11/2018;26;38;18;78;14
20/11/2018;21;37;16;68;11
21/11/2018;40;42;28;103;13
22/11/2018;50;45;41;121;20
23/11/2018;44;41;28;108;19
24/11/2018;33;40;22;91;11
25/11/2018;8;18;11;30;6
26/11/2018;21;29;15;60;6
27/11/2018;32;38;24;87;9
28/11/2018;;;37;;17
29/11/2018;;;45;;23
30/11/2018;;;29;;14
01/12/2018;;;28;;16
02/12/2018;;;26;;16
03/12/2018;;;47;;24
04/12/2018;;;49;;25
05/12/2018;;;55;;38
06/12/2018;;;44;;31
07/12/2018;;;44;;31
08/12/2018;;;33;;23
09/12/2018;;;26;;15
10/12/2018;;;41;;21
11/12/2018;;;49;;30
12/12/2018;;;42;;26
13/12/2018;35;50;19;103;13
14/12/2018;23;38;13;73;6
15/12/2018;17;34;15;60;8
16/12/2018;10;25;11;39;7
17/12/2018;65;62;29;162;13
18/12/2018;50;55;29;131;17
19/12/2018;27;43;19;85;10
20/12/2018;43;48;26;113;12
21/12/2018;32;37;22;86;13
22/12/2018;26;30;21;69;13
23/12/2018;19;28;26;57;20
24/12/2018;29;33;42;78;29
25/12/2018;;;27;;21
26/12/2018;31;29;44;75;32
27/12/2018;;;52;;35
28/12/2018;52;54;46;133;34
29/12/2018;23;39;42;74;31
30/12/2018;18;36;33;64;22
31/12/2018;18;41;36;69;22
01/01/2019;15;32;32;54;22
02/01/2019;55;48;40;132;21
03/01/2019;50;48;47;125;27
04/01/2019;45;42;44;111;29
05/01/2019;19;25;45;54;32
06/01/2019;;;39;;26
07/01/2019;;;42;;21
08/01/2019;;;46;;31
09/01/2019;;;44;;22
10/01/2019;30;52;27;98;11
11/01/2019;59;61;46;152;21
12/01/2019;37;58;40;115;24
13/01/2019;29;46;30;89;19
14/01/2019;57;57;39;144;19
15/01/2019;67;59;41;161;23
16/01/2019;53;60;59;141;41
17/01/2019;94;62;78;205;50
18/01/2019;47;57;44;129;23
19/01/2019;23;43;31;78;20
20/01/2019;23;40;26;75;18
21/01/2019;40;48;23;109;9
22/01/2019;19;37;22;66;11
23/01/2019;24;37;29;73;7
24/01/2019;13;24;17;43;4
25/01/2019;20;32;16;62;5
26/01/2019;24;43;27;80;15
27/01/2019;4;19;18;26;8
28/01/2019;24;40;25;77;8
29/01/2019;21;34;23;65;8
30/01/2019;24;36;18;73;7
31/01/2019;14;23;18;44;4
01/02/2019;10;23;19;39;5
02/02/2019;11;19;17;36;6
03/02/2019;9;14;19;27;5
04/02/2019;33;53;28;104;13
05/02/2019;45;58;42;127;21
06/02/2019;52;59;49;138;27
07/02/2019;53;54;50;136;32
08/02/2019;41;54;55;116;40
09/02/2019;25;48;56;86;44
10/02/2019;10;24;27;39;16
11/02/2019;39;48;29;106;14
12/02/2019;29;49;28;94;14
13/02/2019;33;51;37;101;20
14/02/2019;24;55;32;91;19
15/02/2019;22;49;47;83;31
16/02/2019;12;40;49;58;39
17/02/2019;;;26;;19
18/02/2019;28;48;36;90;24
19/02/2019;;;49;;34
20/02/2019;22;53;48;86;34
21/02/2019;31;55;58;102;43
22/02/2019;55;65;79;149;46
23/02/2019;17;47;62;73;37
24/02/2019;;;57;;39
25/02/2019;32;56;51;105;33
26/02/2019;40;66;48;127;28
27/02/2019;34;67;58;119;30
28/02/2019;41;64;56;127;28
01/03/2019;34;54;54;106;33
02/03/2019;13;40;53;60;34
03/03/2019;22;42;43;76;21
04/03/2019;20;34;38;64;14
05/03/2019;16;34;33;59;22
06/03/2019;20;39;47;70;31
07/03/2019;19;32;18;61;9
08/03/2019;20;43;27;74;15
09/03/2019;16;39;40;63;24
10/03/2019;15;40;34;63;20
11/03/2019;26;42;35;82;19
12/03/2019;26;46;38;86;21
13/03/2019;20;41;35;71;19
14/03/2019;23;41;31;77;14
15/03/2019;34;50;55;101;29
16/03/2019;;;57;;40
17/03/2019;12;27;54;45;31
18/03/2019;6;15;30;23;17
19/03/2019;5;12;28;20;19
20/03/2019;18;36;27;63;15
21/03/2019;15;36;30;59;16
22/03/2019;15;44;35;68;20
23/03/2019;11;44;39;60;27
24/03/2019;10;32;36;47;24
25/03/2019;23;47;38;82;23
26/03/2019;15;33;32;55;18
27/03/2019;14;35;27;56;13
28/03/2019;17;40;28;66;16
29/03/2019;15;40;30;63;18
30/03/2019;8;25;26;36;19
31/03/2019;3;8;18;12;16
01/04/2019;15;38;29;61;20
02/04/2019;34;50;41;103;30
03/04/2019;23;32;25;68;14
04/04/2019;15;27;16;50;8
05/04/2019;25;38;21;76;13
06/04/2019;10;21;7;37;4
07/04/2019;10;18;7;33;4
08/04/2019;22;29;11;63;5
09/04/2019;16;26;13;51;5
10/04/2019;17;30;13;56;5
11/04/2019;24;41;22;77;10
12/04/2019;12;33;27;52;14
13/04/2019;9;33;32;46;21
14/04/2019;10;27;25;43;13
15/04/2019;12;29;32;47;22
16/04/2019;13;31;33;50;24
17/04/2019;12;29;27;48;19
18/04/2019;10;28;23;43;18
19/04/2019;6;17;20;26;16
20/04/2019;5;15;34;23;22
21/04/2019;4;11;28;18;19
22/04/2019;13;37;42;57;27
23/04/2019;27;38;32;78;19
24/04/2019;10;25;14;41;6
25/04/2019;13;27;15;46;6
26/04/2019;16;30;17;54;7
27/04/2019;12;29;20;47;11
28/04/2019;4;10;17;16;10
29/04/2019;7;17;23;27;16
30/04/2019;17;27;25;52;16
01/05/2019;6;15;23;25;17
02/05/2019;15;35;24;58;16
03/05/2019;24;38;27;76;17
04/05/2019;12;27;17;44;10
05/05/2019;8;19;19;31;10
06/05/2019;16;27;24;51;13
07/05/2019;19;32;41;60;30
08/05/2019;15;21;30;45;14
09/05/2019;17;27;14;54;4
10/05/2019;19;26;17;55;7
11/05/2019;9;21;20;34;12
12/05/2019;8;24;23;35;12
13/05/2019;12;29;25;48;15
14/05/2019;12;31;28;49;14
15/05/2019;13;36;33;55;17
16/05/2019;11;30;26;47;15
17/05/2019;12;22;24;41;7
18/05/2019;8;26;17;38;8
19/05/2019;6;18;12;28;7
20/05/2019;12;27;15;46;7
21/05/2019;15;33;20;56;12
22/05/2019;17;30;23;56;14
23/05/2019;16;36;28;60;16
24/05/2019;14;39;23;60;17
25/05/2019;11;24;17;41;12
26/05/2019;4;14;14;20;9
27/05/2019;17;27;24;54;15
28/05/2019;16;34;25;59;15
29/05/2019;12;25;18;42;7
30/05/2019;17;34;24;59;11
31/05/2019;19;37;28;66;13
01/06/2019;10;27;19;41;10
02/06/2019;7;19;15;30;7
03/06/2019;13;30;21;49;11
04/06/2019;12;27;25;45;16
05/06/2019;14;29;37;51;16
06/06/2019;14;28;22;50;10
07/06/2019;16;28;25;52;11
08/06/2019;9;19;30;33;13
09/06/2019;7;21;25;32;12
10/06/2019;10;26;22;41;11
11/06/2019;12;25;23;43;9
12/06/2019;10;20;13;35;6
13/06/2019;12;24;16;42;8
14/06/2019;12;30;24;48;13
15/06/2019;8;19;20;31;8
16/06/2019;5;15;20;23;13
17/06/2019;11;20;22;36;14
18/06/2019;10;20;19;36;12
19/06/2019;10;22;21;38;14
20/06/2019;9;17;24;31;18
21/06/2019;9;16;17;30;12
22/06/2019;;;15;;11
23/06/2019;;;16;;11
24/06/2019;;;12;;8
25/06/2019;;;16;;11
26/06/2019;;;14;;9
27/06/2019;20;58;17;87;10
28/06/2019;20;59;21;90;12
29/06/2019;13;44;18;65;11
30/06/2019;6;25;18;35;12
01/07/2019;13;34;19;53;15
02/07/2019;13;34;16;54;12
03/07/2019;16;46;17;71;11
04/07/2019;21;47;16;78;11
05/07/2019;16;38;16;63;13
06/07/2019;10;32;22;47;16
07/07/2019;11;34;28;52;17
08/07/2019;20;38;31;68;19
09/07/2019;17;36;21;62;12
10/07/2019;13;34;18;54;11
11/07/2019;20;41;17;71;11
12/07/2019;16;43;17;68;11
13/07/2019;9;31;13;45;8
14/07/2019;7;20;11;30;8
15/07/2019;14;33;14;55;10
16/07/2019;11;30;12;47;8
17/07/2019;11;32;12;49;7
18/07/2019;13;33;13;52;8
19/07/2019;14;37;15;58;9
20/07/2019;7;19;17;28;11
21/07/2019;7;20;16;32;11
22/07/2019;12;32;21;50;13
23/07/2019;19;45;21;75;12
24/07/2019;20;53;23;84;13
25/07/2019;17;46;19;71;12
26/07/2019;16;37;21;62;15
27/07/2019;11;27;24;44;11
28/07/2019;5;8;7;15;3
29/07/2019;15;29;12;53;6
30/07/2019;13;26;10;47;6
31/07/2019;17;32;12;58;7
01/08/2019;11;28;12;45;7
02/08/2019;11;35;13;51;7
03/08/2019;7;24;12;34;7
04/08/2019;7;22;11;33;7
05/08/2019;10;27;17;43;10
06/08/2019;10;24;22;40;14
07/08/2019;12;34;29;53;19
08/08/2019;22;38;26;71;15
09/08/2019;30;47;30;93;11
10/08/2019;9;24;20;37;12
11/08/2019;7;16;17;26;12
12/08/2019;12;24;16;42;9
13/08/2019;10;23;14;38;6
14/08/2019;11;25;13;41;9
15/08/2019;8;19;13;31;9
16/08/2019;10;20;12;34;9
17/08/2019;10;18;11;32;9
18/08/2019;7;13;12;24;9
19/08/2019;13;22;14;41;10
20/08/2019;11;23;19;40;9
21/08/2019;10;26;13;42;7
22/08/2019;14;29;13;51;7
23/08/2019;15;35;17;59;9
24/08/2019;11;29;16;45;12
25/08/2019;4;12;17;18;13
26/08/2019;11;28;18;46;14
27/08/2019;17;35;14;60;9
28/08/2019;16;32;17;57;10
29/08/2019;15;35;17;58;11
30/08/2019;16;38;19;62;13
31/08/2019;11;37;18;53;12
01/09/2019;8;26;18;38;12
02/09/2019;11;31;12;48;8
03/09/2019;15;27;12;49;8
04/09/2019;15;29;12;52;9
05/09/2019;14;29;12;50;7
06/09/2019;15;27;11;49;6
07/09/2019;11;25;12;42;7
08/09/2019;8;17;12;28;8
09/09/2019;20;34;15;64;9
10/09/2019;14;27;14;49;6
11/09/2019;14;31;8;52;5
12/09/2019;;;14;;9
13/09/2019;;;12;;8
16/09/2019;12;40;;59;
17/09/2019;23;45;;80;
18/09/2019;18;39;;66;
19/09/2019;19;35;39;65;21
20/09/2019;13;36;35;56;21
21/09/2019;3;14;26;19;16
22/09/2019;4;8;15;14;8
23/09/2019;18;29;20;56;8
24/09/2019;24;41;24;78;8
25/09/2019;17;25;22;50;9
26/09/2019;20;29;25;60;15
27/09/2019;16;33;29;58;17
28/09/2019;12;26;24;44;15
29/09/2019;4;18;26;24;17
30/09/2019;16;35;34;59;22
01/10/2019;21;42;42;74;25
02/10/2019;22;37;28;71;9
03/10/2019;21;35;23;67;8
04/10/2019;21;41;31;74;12
05/10/2019;11;30;24;46;11
06/10/2019;8;20;25;31;15
07/10/2019;28;35;31;78;15
08/10/2019;29;39;31;83;15
09/10/2019;7;18;29;29;16
10/10/2019;15;26;18;49;9
11/10/2019;15;27;20;50;12
12/10/2019;8;21;19;34;12
13/10/2019;9;21;23;34;15
14/10/2019;15;29;26;52;16
15/10/2019;17;28;13;54;5
16/10/2019;24;40;24;76;9
17/10/2019;24;42;27;78;10
18/10/2019;23;35;24;71;11
19/10/2019;12;25;23;42;13
20/10/2019;8;19;11;32;7
21/10/2019;21;28;16;60;10
22/10/2019;21;30;9;62;6
23/10/2019;15;24;8;47;4
24/10/2019;28;32;17;75;7
25/10/2019;24;47;30;84;17
26/10/2019;20;41;24;72;16
27/10/2019;7;25;26;36;20
28/10/2019;39;50;43;110;31
29/10/2019;39;52;52;111;39
30/10/2019;35;54;45;107;31
31/10/2019;41;51;25;114;12
01/11/2019;45;36;15;104;7
02/11/2019;12;15;16;34;7
03/11/2019;8;12;14;25;4
04/11/2019;14;20;13;42;4
05/11/2019;16;24;12;48;4
06/11/2019;25;33;16;71;6
07/11/2019;20;28;15;57;6
08/11/2019;20;28;15;58;5
09/11/2019;9;15;9;29;4
10/11/2019;7;10;8;21;3
11/11/2019;21;25;13;58;5
12/11/2019;18;30;16;58;6
13/11/2019;32;42;17;91;9
14/11/2019;16;28;9;53;5
15/11/2019;24;33;11;69;5
16/11/2019;21;34;14;66;8
17/11/2019;12;22;9;41;6
18/11/2019;29;38;14;82;6
19/11/2019;34;44;18;96;9
20/11/2019;31;43;20;91;11
21/11/2019;42;44;19;109;13
22/11/2019;37;41;17;98;12
23/11/2019;10;20;9;36;4
24/11/2019;7;15;8;25;5
25/11/2019;18;28;11;54;6
26/11/2019;26;32;14;72;7
27/11/2019;15;26;13;49;5
28/11/2019;16;25;11;50;6
29/11/2019;24;33;14;70;7
30/11/2019;17;32;14;58;9
01/12/2019;7;17;11;27;8
02/12/2019;14;25;11;46;7
03/12/2019;18;28;13;55;10
04/12/2019;21;30;7;62;5
05/12/2019;23;33;9;68;7
06/12/2019;21;32;21;64;16
07/12/2019;28;31;26;73;18
08/12/2019;16;22;16;47;12
09/12/2019;27;28;14;69;7
10/12/2019;38;35;17;93;8
11/12/2019;30;35;18;81;9
12/12/2019;14;20;10;41;5
13/12/2019;11;19;12;36;5
14/12/2019;9;17;8;31;4
15/12/2019;13;29;13;49;8
16/12/2019;34;34;26;86;16
17/12/2019;46;40;44;110;26
18/12/2019;24;30;19;67;9
19/12/2019;43;43;32;109;18
20/12/2019;15;23;;45;
21/12/2019;5;5;;12;
22/12/2019;4;6;12;13;7
23/12/2019;17;28;11;54;7
24/12/2019;21;29;16;61;10
25/12/2019;14;21;15;41;11
26/12/2019;55;41;30;126;16
27/12/2019;38;36;32;95;22
28/12/2019;20;29;35;59;29
29/12/2019;5;18;37;26;33
30/12/2019;28;34;38;77;31
31/12/2019;19;28;37;58;32
01/01/2020;12;22;37;41;33
02/01/2020;34;33;39;85;32
03/01/2020;45;34;45;103;39
04/01/2020;24;30;31;67;26
05/01/2020;9;24;20;37;16
06/01/2020;11;21;19;37;17
07/01/2020;45;35;37;104;28
08/01/2020;55;37;42;121;31
09/01/2020;31;32;32;79;26
10/01/2020;33;31;39;81;24
11/01/2020;17;27;22;53;15
12/01/2020;14;22;28;44;20
13/01/2020;54;39;41;122;27
14/01/2020;46;41;45;112;27
15/01/2020;60;41;50;132;32
16/01/2020;61;37;48;130;33
17/01/2020;22;29;30;63;16
18/01/2020;14;21;19;42;13
19/01/2020;6;6;8;15;6
20/01/2020;8;8;4;19;3
21/01/2020;19;24;44;53;31
22/01/2020;8;16;38;28;25
23/01/2020;;;63;;33
24/01/2020;;;71;;41
25/01/2020;;;69;;45
26/01/2020;;;30;;20
27/01/2020;;;17;;10
28/01/2020;;;12;;6
31/01/2020;28;33;14;77;8
01/02/2020;13;25;10;45;6
02/02/2020;15;24;11;46;7
03/02/2020;53;43;31;125;15
04/02/2020;45;43;41;112;19
05/02/2020;13;26;19;45;11
06/02/2020;25;35;27;74;19
07/02/2020;48;56;36;130;25
08/02/2020;25;40;41;78;35
09/02/2020;12;29;44;47;38
10/02/2020;29;34;18;78;10
11/02/2020;34;39;26;91;16
12/02/2020;36;39;34;93;25
13/02/2020;33;48;49;99;41
14/02/2020;31;41;29;88;20
15/02/2020;14;27;35;49;31
16/02/2020;11;25;49;42;46
17/02/2020;37;40;61;97;54
18/02/2020;19;36;24;65;20
19/02/2020;21;34;19;66;15
20/02/2020;38;40;26;98;20
21/02/2020;41;43;37;106;30
22/02/2020;25;40;33;79;29
23/02/2020;8;27;26;39;22
24/02/2020;58;57;32;147;20
25/02/2020;51;57;41;135;21
26/02/2020;29;47;26;91;13
27/02/2020;27;38;40;81;17
28/02/2020;35;39;93;93;42
29/02/2020;9;20;55;34;23
01/03/2020;7;10;20;20;11
02/03/2020;14;21;30;41;7
03/03/2020;15;22;13;46;6
04/03/2020;30;31;12;77;6
05/03/2020;21;27;19;60;9
06/03/2020;16;23;13;47;6
07/03/2020;9;23;19;37;12
08/03/2020;10;27;16;42;9
09/03/2020;34;41;21;93;10
10/03/2020;26;48;24;88;14
11/03/2020;50;65;36;141;25
12/03/2020;31;52;33;99;29
13/03/2020;19;34;24;63;21
14/03/2020;13;29;16;48;12
15/03/2020;8;12;13;24;11
16/03/2020;17;27;6;53;5
17/03/2020;19;25;19;55;18
18/03/2020;12;22;24;41;20
19/03/2020;9;13;23;26;21
20/03/2020;9;16;17;29;15
21/03/2020;8;15;20;27;18
22/03/2020;7;10;12;21;10
23/03/2020;9;15;12;29;10
24/03/2020;7;8;16;19;13
25/03/2020;9;20;12;34;10
26/03/2020;10;15;16;30;13
27/03/2020;7;19;13;30;11
28/03/2020;6;11;16;20;14
29/03/2020;6;9;13;18;11
30/03/2020;6;12;13;21;11
31/03/2020;10;13;4;28;4
01/04/2020;5;10;4;18;2
02/04/2020;4;10;7;16;5
03/04/2020;7;18;11;28;9
04/04/2020;4;12;13;18;11
05/04/2020;4;11;13;16;11
06/04/2020;5;14;16;21;15
07/04/2020;6;14;16;22;14
08/04/2020;8;20;20;32;18
09/04/2020;7;18;20;30;17
10/04/2020;6;13;23;21;21
11/04/2020;6;15;19;24;18
12/04/2020;5;9;18;17;17
13/04/2020;5;9;14;16;13
14/04/2020;7;14;10;24;9
15/04/2020;10;21;18;36;18
16/04/2020;9;18;19;32;17
17/04/2020;8;23;18;35;16
18/04/2020;7;16;17;26;16
19/04/2020;6;13;5;22;5
20/04/2020;7;16;6;26;5
21/04/2020;9;23;4;36;3
22/04/2020;9;17;3;31;2
23/04/2020;7;22;9;32;8
24/04/2020;10;24;12;39;10
25/04/2020;6;15;10;24;9
26/04/2020;6;13;10;21;10
27/04/2020;14;18;8;38;7
28/04/2020;8;14;4;26;3
29/04/2020;9;17;4;31;2
30/04/2020;9;15;5;29;2
01/05/2020;6;7;3;17;1
02/05/2020;6;10;3;20;2
03/05/2020;7;13;3;24;2
04/05/2020;13;18;5;37;3
05/05/2020;10;23;4;38;2
06/05/2020;7;16;3;26;2
07/05/2020;8;17;6;29;2
08/05/2020;6;9;4;19;2
09/05/2020;5;7;2;15;1
10/05/2020;5;6;1;13;1
11/05/2020;6;9;7;17;4
12/05/2020;7;14;15;23;7
13/05/2020;5;13;12;21;7
14/05/2020;5;14;9;22;6
15/05/2020;8;17;12;29;7
16/05/2020;5;11;11;19;7
17/05/2020;5;6;11;14;8
18/05/2020;7;16;18;27;11
19/05/2020;8;26;23;39;14
20/05/2020;7;18;19;28;11
21/05/2020;8;23;18;35;11
22/05/2020;7;20;21;32;15
23/05/2020;5;13;;21;
24/05/2020;5;6;;13;
25/05/2020;8;18;22;30;9
26/05/2020;7;15;4;25;2
27/05/2020;6;15;5;24;2
28/05/2020;5;13;3;21;1
29/05/2020;6;19;10;29;4
30/05/2020;5;12;6;20;3
31/05/2020;5;7;2;15;1
01/06/2020;8;19;11;31;5
02/06/2020;9;17;5;31;3
03/06/2020;7;23;17;33;10
04/06/2020;6;20;26;30;16
05/06/2020;7;19;18;29;11
06/06/2020;6;19;22;28;14
07/06/2020;5;8;;15;
08/06/2020;6;15;7;24;4
09/06/2020;8;16;5;27;2
10/06/2020;7;14;3;25;1
11/06/2020;8;17;9;29;3
12/06/2020;8;15;14;26;4
13/06/2020;6;14;10;24;4
14/06/2020;6;15;13;24;7
15/06/2020;8;24;18;37;9
16/06/2020;6;17;14;27;7
17/06/2020;8;22;12;35;7
18/06/2020;7;18;12;28;7
19/06/2020;7;21;11;31;7
20/06/2020;7;16;12;27;9
21/06/2020;5;14;12;22;9
22/06/2020;11;34;18;51;10
23/06/2020;8;21;14;34;8
24/06/2020;6;16;13;25;7
25/06/2020;16;35;16;60;7
26/06/2020;7;27;13;37;6
27/06/2020;6;20;14;29;8
28/06/2020;6;15;17;24;12
29/06/2020;8;22;22;35;13
30/06/2020;8;21;23;34;12
01/07/2020;13;30;30;50;13
02/07/2020;11;28;26;44;14
03/07/2020;14;26;29;48;10
04/07/2020;8;17;19;29;10
05/07/2020;7;18;14;29;8
06/07/2020;15;42;34;65;11
07/07/2020;16;35;49;59;14
08/07/2020;13;34;28;55;11
09/07/2020;15;34;26;58;9
10/07/2020;9;31;24;45;10
11/07/2020;8;16;18;28;10
12/07/2020;7;18;12;29;8
13/07/2020;11;25;16;42;8
14/07/2020;10;33;26;48;11
15/07/2020;11;38;26;55;11
16/07/2020;9;33;24;46;9
17/07/2020;9;28;25;43;10
18/07/2020;8;22;10;34;6
19/07/2020;7;15;11;25;6
20/07/2020;9;24;28;37;11
21/07/2020;11;26;25;42;9
22/07/2020;14;42;35;62;11
23/07/2020;14;45;23;66;8
24/07/2020;9;30;24;45;9
25/07/2020;7;22;12;32;6
26/07/2020;6;15;12;25;7
27/07/2020;10;35;28;51;11
28/07/2020;9;29;27;42;10
29/07/2020;8;23;24;34;11
30/07/2020;11;31;18;47;10
31/07/2020;11;41;19;58;10
01/08/2020;7;27;21;38;13
02/08/2020;7;19;17;29;11
03/08/2020;8;20;13;31;6
04/08/2020;16;25;9;49;5
05/08/2020;9;24;11;38;7
06/08/2020;11;31;8;47;5
07/08/2020;11;38;7;55;4
08/08/2020;8;31;9;43;4
09/08/2020;7;21;;32;
10/08/2020;9;31;;45;
11/08/2020;7;25;;35;
12/08/2020;9;34;;48;
13/08/2020;9;28;8;41;7
14/08/2020;6;20;9;30;8
15/08/2020;6;21;8;30;7
16/08/2020;8;25;5;37;5
17/08/2020;11;33;6;49;5
18/08/2020;9;29;5;43;5
19/08/2020;10;36;5;51;4
20/08/2020;10;27;4;42;3
21/08/2020;10;31;5;46;4
22/08/2020;7;21;7;31;6
23/08/2020;6;20;6;30;5
24/08/2020;8;24;4;36;4
25/08/2020;12;25;5;44;4
26/08/2020;9;27;5;40;4
27/08/2020;10;30;5;46;4
28/08/2020;10;31;7;47;6
29/08/2020;9;21;4;34;4
30/08/2020;8;18;2;31;2
31/08/2020;13;33;2;54;2
01/09/2020;12;38;3;55;2
02/09/2020;10;31;3;46;2
03/09/2020;11;40;3;57;3
04/09/2020;13;39;4;58;3
05/09/2020;9;28;4;41;4
06/09/2020;9;24;4;37;4
07/09/2020;9;24;3;38;3
08/09/2020;12;35;3;53;3
09/09/2020;10;34;5;50;4
10/09/2020;11;40;6;56;5
11/09/2020;12;37;6;56;5
12/09/2020;7;25;6;35;6
13/09/2020;6;19;6;29;5
14/09/2020;13;35;5;54;5
15/09/2020;10;38;9;53;8
16/09/2020;11;31;13;49;12
17/09/2020;13;34;14;54;13
18/09/2020;10;29;7;44;6
19/09/2020;12;22;3;40;2
20/09/2020;9;17;3;31;3
21/09/2020;18;32;4;60;4
22/09/2020;14;30;6;50;5
23/09/2020;16;48;6;73;6
24/09/2020;24;30;4;67;4
25/09/2020;9;18;3;31;2
26/09/2020;11;15;2;31;2
27/09/2020;6;14;3;22;2
28/09/2020;15;35;3;58;3
29/09/2020;12;35;3;54;3
30/09/2020;14;36;4;57;3
01/10/2020;18;44;6;71;6
02/10/2020;8;22;4;33;3
03/10/2020;7;18;2;28;2
04/10/2020;5;12;2;20;2
05/10/2020;12;35;2;54;2
06/10/2020;21;50;3;82;3
07/10/2020;16;50;3;74;3
08/10/2020;20;45;4;74;4
09/10/2020;8;22;4;34;4
10/10/2020;5;23;5;31;4
11/10/2020;5;9;2;17;2
12/10/2020;7;20;2;29;2
13/10/2020;22;44;3;77;2
14/10/2020;18;56;4;84;4
15/10/2020;8;19;1;31;1
16/10/2020;16;46;5;71;5
17/10/2020;7;29;6;40;5
18/10/2020;6;25;4;34;4
19/10/2020;12;42;4;60;3
20/10/2020;20;43;6;73;5
21/10/2020;21;68;7;100;7
22/10/2020;26;72;9;111;9
23/10/2020;13;37;3;57;2
24/10/2020;8;25;3;38;2
25/10/2020;6;11;3;20;3
26/10/2020;12;25;1;43;1
27/10/2020;16;37;3;61;2
28/10/2020;16;52;4;76;4
29/10/2020;23;52;5;88;5
30/10/2020;18;51;9;79;8
31/10/2020;13;41;10;61;9
01/11/2020;8;33;8;46;8
02/11/2020;29;53;10;97;10
03/11/2020;14;40;10;62;10
04/11/2020;6;20;2;28;1
05/11/2020;6;21;4;30;4
06/11/2020;6;20;6;28;6
07/11/2020;12;36;4;55;4
08/11/2020;17;46;4;73;4
09/11/2020;16;46;4;71;4
10/11/2020;18;46;5;73;4
11/11/2020;21;50;7;82;6
12/11/2020;26;55;7;95;7
13/11/2020;21;55;9;87;8
14/11/2020;23;52;15;87;14
15/11/2020;11;24;5;40;5
16/11/2020;22;41;3;75;3
17/11/2020;22;41;5;75;5
18/11/2020;15;49;11;73;11
19/11/2020;29;58;12;102;12
20/11/2020;33;62;5;112;5
21/11/2020;11;40;5;56;5
22/11/2020;11;41;6;57;6
23/11/2020;24;58;7;94;6
24/11/2020;;;9;;9
25/11/2020;33;69;11;120;11
26/11/2020;;;5;;5
27/11/2020;9;29;3;42;3
28/11/2020;;;4;;4
29/11/2020;22;48;5;81;5
30/11/2020;49;70;6;144;6
01/12/2020;;;7;;6
02/12/2020;;;3;;2
03/12/2020;25;56;4;94;4
04/12/2020;10;49;3;64;2
05/12/2020;6;33;3;42;2
06/12/2020;4;21;2;27;2
07/12/2020;;;2;;1
08/12/2020;9;30;1;43;1
09/12/2020;14;49;2;71;2
10/12/2020;16;35;2;59;2
11/12/2020;10;22;1;37;1
12/12/2020;7;20;3;31;3
13/12/2020;7;21;4;31;4
14/12/2020;65;34;9;133;9
15/12/2020;29;29;5;73;5
16/12/2020;41;37;6;100;6
17/12/2020;32;33;7;82;6
18/12/2020;46;35;9;105;9
19/12/2020;17;26;8;52;8
20/12/2020;11;24;5;41;4
21/12/2020;35;31;7;85;7
22/12/2020;38;30;9;87;9
23/12/2020;49;30;10;106;10
24/12/2020;31;27;5;74;5
25/12/2020;8;15;2;27;2
26/12/2020;17;26;4;51;4
27/12/2020;10;17;4;33;4
28/12/2020;14;21;2;42;2
29/12/2020;15;17;3;39;2
30/12/2020;15;19;3;42;2
31/12/2020;15;15;6;39;5
01/01/2021;5;8;2;16;2
02/01/2021;5;8;2;15;2
03/01/2021;8;10;3;22;2
04/01/2021;15;14;5;36;5
05/01/2021;37;21;9;77;8
06/01/2021;;;6;;5
07/01/2021;;;6;;5
08/01/2021;7;14;5;24;4
09/01/2021;11;15;4;32;3
10/01/2021;12;17;6;35;6
11/01/2021;26;24;6;64;6
12/01/2021;27;25;8;66;8
13/01/2021;35;31;9;85;9
14/01/2021;54;36;12;118;12
15/01/2021;21;22;4;55;4
16/01/2021;21;23;5;56;5
17/01/2021;9;16;6;30;6
18/01/2021;29;26;6;70;5
19/01/2021;32;27;9;76;9
20/01/2021;54;33;12;116;12
21/01/2021;10;12;2;27;1
22/01/2021;5;7;1;15;1
23/01/2021;7;8;2;18;1
24/01/2021;5;5;1;12;1
25/01/2021;9;13;2;26;2
26/01/2021;26;22;4;63;4
27/01/2021;68;24;5;129;4
28/01/2021;20;18;3;49;3
29/01/2021;20;17;3;48;3
30/01/2021;6;6;2;15;2
31/01/2021;6;6;1;15;1
01/02/2021;8;8;2;20;1
02/02/2021;12;14;2;31;2
03/02/2021;14;20;4;41;4
04/02/2021;19;19;10;49;9
05/02/2021;9;14;9;27;9
06/02/2021;12;12;7;31;7
07/02/2021;7;7;2;16;1
08/02/2021;11;11;2;28;1
09/02/2021;11;15;2;31;2
10/02/2021;10;12;2;28;2
11/02/2021;19;17;3;47;3
12/02/2021;11;12;4;29;3
13/02/2021;7;12;5;23;5
14/02/2021;6;9;8;18;7
15/02/2021;11;17;9;34;8
16/02/2021;25;25;20;64;19
17/02/2021;10;19;38;35;37
18/02/2021;12;19;61;37;60
19/02/2021;14;18;61;39;59
20/02/2021;7;10;44;20;43
21/02/2021;6;9;27;18;25
22/02/2021;10;13;6;28;5
23/02/2021;10;14;11;29;10
24/02/2021;7;14;20;25;19
25/02/2021;20;26;31;56;30
26/02/2021;12;21;33;39;32
27/02/2021;9;14;43;27;42
28/02/2021;5;8;30;16;29
01/03/2021;5;11;25;19;24
02/03/2021;6;14;35;22;34
03/03/2021;5;13;43;21;41
04/03/2021;8;15;49;28;48
05/03/2021;17;20;48;46;46
06/03/2021;6;11;44;21;43
07/03/2021;5;9;31;16;30
08/03/2021;10;14;17;28;16
09/03/2021;12;15;14;34;13
10/03/2021;13;18;26;37;25
11/03/2021;40;30;34;91;33
12/03/2021;10;13;16;28;15
13/03/2021;7;13;20;24;19
14/03/2021;6;11;7;20;6
15/03/2021;11;20;10;37;9
16/03/2021;30;23;20;70;19
17/03/2021;17;22;20;48;19
18/03/2021;11;19;11;36;10
19/03/2021;7;9;10;19;9
20/03/2021;6;10;10;19;9
21/03/2021;6;9;12;18;11
22/03/2021;13;17;11;37;10
23/03/2021;13;18;21;38;20
24/03/2021;12;20;30;38;29
25/03/2021;10;16;44;31;43
26/03/2021;7;17;62;27;61
27/03/2021;4;10;34;16;33
28/03/2021;5;8;14;15;13
29/03/2021;14;14;13;35;12
30/03/2021;14;17;22;39;21
31/03/2021;21;21;35;54;34
01/04/2021;17;20;24;46;23
02/04/2021;10;15;22;30;21
03/04/2021;11;21;24;37;23
04/04/2021;6;9;20;19;19
05/04/2021;8;12;23;25;22
06/04/2021;17;18;22;45;21
07/04/2021;8;14;13;26;11
08/04/2021;9;16;10;30;9
09/04/2021;11;19;14;36;13
10/04/2021;8;16;15;27;14
11/04/2021;8;10;14;21;13
12/04/2021;6;9;7;18;6
13/04/2021;13;17;9;37;8
14/04/2021;6;15;6;24;5
15/04/2021;6;13;11;23;10
16/04/2021;12;16;16;34;15
17/04/2021;8;12;13;24;12
18/04/2021;7;13;16;25;15
19/04/2021;20;19;20;49;19
20/04/2021;10;15;23;30;22
21/04/2021;7;13;26;23;25
22/04/2021;6;11;13;20;12
23/04/2021;8;11;15;23;14
24/04/2021;6;11;17;20;16
25/04/2021;6;8;20;18;19
26/04/2021;6;13;17;23;16
27/04/2021;8;13;27;25;26
28/04/2021;11;16;26;32;25
29/04/2021;17;18;17;44;16
30/04/2021;10;16;19;31;18
01/05/2021;6;10;13;19;12
02/05/2021;6;7;10;15;9
03/05/2021;7;10;9;20;8
04/05/2021;18;18;18;46;17
05/05/2021;13;16;15;35;14
06/05/2021;16;18;20;43;19
07/05/2021;24;22;25;59;24
08/05/2021;6;8;32;18;31
09/05/2021;6;9;36;18;35
10/05/2021;18;15;7;43;6
11/05/2021;10;11;5;26;3
12/05/2021;10;12;6;28;5
13/05/2021;13;14;7;34;5
14/05/2021;10;12;7;28;5
15/05/2021;16;18;10;42;9
16/05/2021;11;10;6;26;5
17/05/2021;7;7;6;18;5
18/05/2021;9;12;9;26;8
19/05/2021;7;9;8;19;6
20/05/2021;12;13;9;32;8
21/05/2021;10;12;11;26;10
22/05/2021;5;6;16;14;15
23/05/2021;5;5;6;13;6
24/05/2021;10;11;8;27;7
25/05/2021;7;10;10;20;9
26/05/2021;8;10;8;21;7
27/05/2021;16;17;15;42;14
28/05/2021;14;20;15;42;14
29/05/2021;8;13;13;25;12
30/05/2021;6;9;8;19;7
31/05/2021;10;13;9;29;8
01/06/2021;7;13;14;24;13
02/06/2021;9;15;12;28;11
03/06/2021;7;9;15;19;14
05/06/2021;6;7;;15;
06/06/2021;7;9;;18;
07/06/2021;14;13;;35;
08/06/2021;5;9;29;17;17
09/06/2021;6;9;24;17;14
10/06/2021;8;10;18;22;9
11/06/2021;8;11;21;23;10
12/06/2021;5;9;20;16;10
13/06/2021;6;13;25;22;15
14/06/2021;12;17;28;35;14
15/06/2021;13;22;29;42;13
16/06/2021;7;12;27;22;13
17/06/2021;9;16;25;29;12
18/06/2021;8;10;31;22;15
19/06/2021;5;7;32;15;15
20/06/2021;8;9;20;21;9
21/06/2021;9;10;19;24;6
22/06/2021;9;11;19;25;6
23/06/2021;6;7;14;16;6
24/06/2021;6;7;14;16;5
25/06/2021;11;12;18;29;6
26/06/2021;6;8;19;17;9
27/06/2021;5;6;20;13;9
28/06/2021;6;7;23;16;11
29/06/2021;7;8;22;19;9
30/06/2021;8;10;23;22;11
01/07/2021;11;8;21;24;9
02/07/2021;8;9;;22;
03/07/2021;7;7;;17;
04/07/2021;6;6;;15;
05/07/2021;9;10;;23;
06/07/2021;15;12;;35;
07/07/2021;3;6;18;11;6
08/07/2021;3;6;20;10;8
09/07/2021;2;6;20;8;9
10/07/2021;1;3;20;4;9
11/07/2021;1;4;17;5;7
12/07/2021;9;12;40;26;11
13/07/2021;3;6;19;10;6
14/07/2021;2;5;19;8;6
15/07/2021;2;8;21;10;8
16/07/2021;4;10;23;15;10
17/07/2021;1;2;19;3;9
18/07/2021;1;2;20;3;10
19/07/2021;2;8;22;10;10
20/07/2021;2;10;24;12;11
21/07/2021;2;5;25;7;13
22/07/2021;4;14;27;19;12
23/07/2021;3;16;32;20;14
24/07/2021;1;3;29;4;15
25/07/2021;1;1;29;2;15
26/07/2021;1;5;22;6;9
27/07/2021;3;12;23;17;11
28/07/2021;3;6;24;9;12
29/07/2021;2;6;24;8;13
30/07/2021;3;9;32;13;17
31/07/2021;1;3;34;4;17
01/08/2021;1;1;11;3;5
02/08/2021;1;4;15;5;6
03/08/2021;2;7;20;10;8
04/08/2021;2;13;26;16;10
05/08/2021;4;11;27;16;13
06/08/2021;1;6;31;7;15
07/08/2021;2;5;29;8;13
08/08/2021;1;2;25;3;11
09/08/2021;1;4;24;5;9
10/08/2021;4;17;;21;
11/08/2021;1;10;;11;
12/08/2021;7;24;;33;
13/08/2021;1;7;62;8;22
14/08/2021;3;16;71;20;26
15/08/2021;1;5;63;7;26
16/08/2021;1;5;47;7;19
17/08/2021;1;6;29;7;11
18/08/2021;2;4;32;6;12
19/08/2021;1;4;25;6;12
20/08/2021;2;7;;10;
21/08/2021;2;2;;5;
22/08/2021;1;3;;4;
23/08/2021;1;3;;5;
24/08/2021;2;5;27;8;12
25/08/2021;3;10;18;14;9
26/08/2021;6;13;24;22;11
27/08/2021;6;24;36;33;16
28/08/2021;6;12;31;21;16
29/08/2021;2;4;31;7;14
30/08/2021;3;10;20;15;9
31/08/2021;5;11;22;19;10
01/09/2021;5;12;23;19;10
02/09/2021;4;12;21;17;9
03/09/2021;8;17;33;29;17
04/09/2021;2;6;43;8;26
05/09/2021;6;9;39;17;26
06/09/2021;8;17;;29;
07/09/2021;2;8;28;10;11
08/09/2021;3;11;26;16;11
09/09/2021;6;13;31;21;14
10/09/2021;6;16;28;24;12
11/09/2021;2;5;23;7;12
12/09/2021;2;3;22;5;11
13/09/2021;5;18;26;25;12
14/09/2021;5;11;33;18;13
15/09/2021;4;14;29;20;12
16/09/2021;7;14;14;24;5
17/09/2021;6;17;31;26;12
18/09/2021;2;11;32;14;14
19/09/2021;2;7;16;9;7
20/09/2021;7;11;17;22;6
21/09/2021;4;6;11;11;4
22/09/2021;2;6;15;8;6
23/09/2021;2;7;22;9;9
24/09/2021;1;11;29;12;13
25/09/2021;2;14;34;18;20
26/09/2021;2;10;21;12;11
27/09/2021;5;17;27;25;12
28/09/2021;7;17;32;26;18
29/09/2021;6;11;32;19;17
30/09/2021;4;10;23;15;9
01/10/2021;3;13;29;17;18
02/10/2021;2;9;37;11;26
03/10/2021;1;4;22;6;13
04/10/2021;3;16;14;20;5
05/10/2021;6;18;19;27;6
06/10/2021;10;14;20;28;8
07/10/2021;5;16;24;24;9
08/10/2021;3;13;24;17;10
09/10/2021;3;6;21;10;9
10/10/2021;1;2;20;3;9
11/10/2021;4;15;25;20;12
12/10/2021;3;8;22;11;12
13/10/2021;4;15;27;20;12
14/10/2021;5;21;28;28;13
15/10/2021;6;20;29;29;14
16/10/2021;3;10;30;14;14
17/10/2021;1;8;25;9;13
18/10/2021;6;16;29;24;16
19/10/2021;7;16;27;27;14
20/10/2021;10;18;32;33;18
21/10/2021;20;23;40;53;16
22/10/2021;2;12;20;14;8
23/10/2021;2;7;18;9;7
24/10/2021;2;11;19;13;9
25/10/2021;5;16;27;23;13
26/10/2021;9;17;31;30;14
27/10/2021;6;19;32;27;18
28/10/2021;9;27;38;40;24
29/10/2021;16;30;37;54;19
30/10/2021;3;14;16;18;9
31/10/2021;1;2;7;3;3
01/11/2021;2;4;7;6;3
02/11/2021;3;13;12;17;4
03/11/2021;3;11;13;15;4
04/11/2021;8;18;19;31;7
05/11/2021;6;16;17;25;6
06/11/2021;1;11;20;13;7
07/11/2021;2;12;15;16;6
08/11/2021;22;37;34;70;12
09/11/2021;7;23;30;34;10
10/11/2021;7;28;32;38;13
11/11/2021;9;27;28;40;12
12/11/2021;15;34;34;56;14
13/11/2021;5;21;29;29;16
14/11/2021;2;15;20;17;11
15/11/2021;11;24;24;39;8
16/11/2021;12;31;29;49;11
17/11/2021;6;25;28;33;11
18/11/2021;6;19;26;27;12
19/11/2021;1;10;21;12;11
20/11/2021;2;16;;18;
21/11/2021;3;15;;19;
22/11/2021;10;14;;29;
23/11/2021;7;20;;30;
24/11/2021;5;17;;25;
25/11/2021;5;12;;19;
26/11/2021;8;20;;33;
27/11/2021;3;12;;16;
28/11/2021;4;8;;15;
29/11/2021;8;19;;31;
30/11/2021;29;42;;86;
01/12/2021;15;30;;53;
02/12/2021;13;18;14;37;4
03/12/2021;18;36;22;63;8
04/12/2021;6;13;;23;
05/12/2021;4;10;;15;
06/12/2021;6;12;;21;
07/12/2021;8;17;;29;
08/12/2021;6;9;;18;
09/12/2021;6;13;;23;
10/12/2021;8;18;;29;
11/12/2021;6;13;;21;
12/12/2021;11;33;;50;
13/12/2021;23;40;;75;
14/12/2021;21;45;;77;
15/12/2021;23;43;;79;
16/12/2021;28;32;;75;
17/12/2021;13;28;;48;
18/12/2021;4;24;29;29;20
19/12/2021;12;28;34;46;25
20/12/2021;40;46;32;107;19
21/12/2021;18;34;41;61;20
22/12/2021;15;36;50;58;33
23/12/2021;23;36;40;72;27
24/12/2021;29;38;28;81;17
25/12/2021;6;15;10;25;5
26/12/2021;6;12;8;21;4
27/12/2021;7;14;12;24;5
28/12/2021;9;15;17;29;6
29/12/2021;17;31;20;57;9
30/12/2021;26;44;26;85;14
31/12/2021;39;47;41;107;26
01/01/2022;15;29;44;51;36
02/01/2022;20;37;40;68;32
03/01/2022;33;44;53;95;41
04/01/2022;14;27;23;49;9
05/01/2022;8;23;18;36;6
06/01/2022;8;20;14;33;7
07/01/2022;15;26;16;50;8
08/01/2022;10;23;13;39;6
09/01/2022;6;11;13;20;5
10/01/2022;8;21;17;32;5
11/01/2022;10;35;22;50;10
12/01/2022;10;27;18;42;8
13/01/2022;18;29;21;56;11
14/01/2022;16;33;28;57;15
15/01/2022;11;29;23;46;15
16/01/2022;9;26;20;39;13
17/01/2022;24;48;31;85;18
18/01/2022;29;49;37;93;22
19/01/2022;22;47;38;80;20
20/01/2022;35;50;38;104;23
21/01/2022;24;34;28;71;13
22/01/2022;9;29;27;42;16
23/01/2022;5;19;21;27;16
24/01/2022;5;25;20;33;13
25/01/2022;5;23;20;30;10
26/01/2022;23;41;29;77;15
27/01/2022;33;52;36;102;17
28/01/2022;29;51;32;96;15
29/01/2022;15;44;29;67;16
30/01/2022;16;45;31;68;19
31/01/2022;21;45;32;78;11
01/02/2022;23;43;29;77;11
02/02/2022;28;55;34;98;16
03/02/2022;41;56;43;118;23
04/02/2022;23;44;55;79;37
05/02/2022;17;48;52;74;33
06/02/2022;6;23;27;32;18
07/02/2022;21;42;32;73;17
08/02/2022;17;39;31;65;15
09/02/2022;10;31;32;47;17
10/02/2022;13;34;30;54;17
11/02/2022;29;46;44;90;25
12/02/2022;7;32;37;43;23
13/02/2022;9;31;38;46;23
14/02/2022;10;24;25;40;9
15/02/2022;11;27;21;44;6
16/02/2022;10;27;18;42;6
17/02/2022;10;34;21;50;10
18/02/2022;24;42;37;78;18
19/02/2022;4;16;34;21;15
20/02/2022;6;16;14;25;7
21/02/2022;17;23;22;49;8
22/02/2022;35;44;31;98;12
23/02/2022;15;35;33;58;15
24/02/2022;13;32;30;52;14
25/02/2022;4;27;28;33;14
26/02/2022;9;27;27;41;13
27/02/2022;7;19;;29;
28/02/2022;11;38;;55;
01/03/2022;19;38;;68;
03/03/2022;12;25;31;43;18
04/03/2022;8;23;22;35;11
05/03/2022;5;19;23;26;11
06/03/2022;3;11;;15;
07/03/2022;4;22;;28;
08/03/2022;17;30;;56;
09/03/2022;12;25;28;43;15
10/03/2022;10;23;26;37;14
11/03/2022;12;31;34;48;21
12/03/2022;4;17;20;23;12
13/03/2022;6;20;29;29;16
14/03/2022;3;13;35;18;18
15/03/2022;5;11;64;18;32
16/03/2022;3;9;;13;
17/03/2022;2;10;26;13;16
18/03/2022;5;13;41;20;24
19/03/2022;6;16;74;25;56
20/03/2022;6;14;42;24;23
21/03/2022;5;14;27;21;15
22/03/2022;2;9;28;12;14
23/03/2022;2;9;24;11;12
24/03/2022;1;11;11;13;8
25/03/2022;1;11;29;12;18
26/03/2022;1;7;20;9;14
27/03/2022;1;11;40;13;20
28/03/2022;7;20;52;31;24
29/03/2022;7;21;66;32;28
30/03/2022;6;20;62;29;26
31/03/2022;4;16;20;23;9
01/04/2022;2;10;14;13;5
02/04/2022;2;9;11;12;5
03/04/2022;3;10;12;14;5
04/04/2022;2;10;20;12;9
05/04/2022;2;12;20;14;9
06/04/2022;6;17;14;26;7
07/04/2022;3;12;16;17;7
08/04/2022;4;14;17;20;6
09/04/2022;2;9;14;12;6
10/04/2022;1;10;24;12;13
11/04/2022;2;12;28;15;14
12/04/2022;4;16;35;23;18
13/04/2022;3;13;19;17;12
14/04/2022;2;11;24;13;11
15/04/2022;2;14;23;17;11
16/04/2022;3;20;33;23;16
17/04/2022;2;12;26;15;13
18/04/2022;2;10;26;13;16
19/04/2022;2;10;23;12;14
20/04/2022;3;18;14;23;8
21/04/2022;5;20;15;27;5
22/04/2022;8;25;22;36;10
23/04/2022;1;6;6;8;2
24/04/2022;2;9;8;11;4
25/04/2022;2;12;16;14;8
26/04/2022;7;17;17;27;8
27/04/2022;7;31;37;43;17
28/04/2022;5;21;29;29;19
29/04/2022;4;18;30;24;13
30/04/2022;3;21;32;25;17
01/05/2022;1;12;32;14;18
02/05/2022;3;14;32;18;18
03/05/2022;2;16;11;19;8
04/05/2022;2;15;27;18;15
05/05/2022;4;16;34;21;13
06/05/2022;8;25;31;37;13
07/05/2022;3;15;21;19;10
08/05/2022;3;12;;16;
09/05/2022;4;18;;24;
10/05/2022;6;21;32;30;13
11/05/2022;7;22;41;33;17
12/05/2022;2;15;34;18;15
13/05/2022;5;17;34;24;17
14/05/2022;3;17;34;21;17
15/05/2022;3;12;28;16;14
16/05/2022;5;22;44;30;21
17/05/2022;7;24;45;35;21
18/05/2022;5;15;42;22;22
19/05/2022;5;14;43;22;22
20/05/2022;3;15;34;19;15
21/05/2022;3;22;30;26;14
22/05/2022;3;16;26;20;13
23/05/2022;5;17;32;24;12
24/05/2022;2;9;31;11;11
25/05/2022;3;13;13;17;4
26/05/2022;6;17;20;26;7
27/05/2022;6;24;26;33;9
28/05/2022;2;18;29;21;12
29/05/2022;2;11;25;14;10
30/05/2022;3;13;24;17;11
31/05/2022;2;12;28;14;15
01/06/2022;2;11;32;14;18
02/06/2022;3;11;33;15;20
03/06/2022;2;9;30;12;16
04/06/2022;3;13;32;17;17
05/06/2022;2;11;24;13;11
06/06/2022;4;12;24;18;11
07/06/2022;3;13;26;16;14
08/06/2022;3;15;35;20;20
09/06/2022;4;14;25;20;11
10/06/2022;3;12;25;16;12
11/06/2022;3;13;24;17;11
12/06/2022;2;16;20;19;8
13/06/2022;4;17;24;24;8
14/06/2022;3;15;22;20;9
15/06/2022;3;16;28;20;10
16/06/2022;4;22;28;28;12
17/06/2022;5;23;38;31;13
18/06/2022;2;14;35;17;14
19/06/2022;1;7;32;8;15
20/06/2022;3;12;40;15;19
21/06/2022;3;15;41;19;18
22/06/2022;5;15;35;22;12
23/06/2022;4;19;24;25;7
24/06/2022;4;12;18;17;7
25/06/2022;1;9;20;11;9
26/06/2022;1;6;19;7;10
27/06/2022;2;9;25;12;10
28/06/2022;4;12;20;18;8
29/06/2022;3;12;26;17;12
30/06/2022;2;9;22;12;10
01/07/2022;2;8;24;11;10
02/07/2022;2;9;21;11;11
03/07/2022;2;11;20;13;9
04/07/2022;4;15;24;20;10
05/07/2022;2;9;27;11;11
06/07/2022;2;10;31;12;13
07/07/2022;3;15;22;20;9
08/07/2022;3;18;28;22;12
09/07/2022;2;12;19;14;9
10/07/2022;2;10;18;12;9
11/07/2022;3;17;26;21;10
12/07/2022;3;20;23;24;9
13/07/2022;5;21;31;28;12
14/07/2022;4;15;23;21;10
15/07/2022;5;22;26;30;12
16/07/2022;3;17;28;22;13
17/07/2022;2;13;23;16;12
18/07/2022;4;18;30;24;14
19/07/2022;4;17;31;23;16
20/07/2022;2;10;21;12;11
21/07/2022;3;13;23;18;12
22/07/2022;3;14;27;19;14
23/07/2022;2;9;27;11;15
24/07/2022;2;9;27;12;16
25/07/2022;3;14;33;18;17
26/07/2022;2;10;29;13;14
27/07/2022;2;10;30;13;14
28/07/2022;4;12;39;18;16
29/07/2022;2;9;29;13;13
30/07/2022;1;7;;9;
31/07/2022;1;8;;10;
01/08/2022;2;11;;14;
02/08/2022;4;14;34;19;13
03/08/2022;2;13;36;16;12
04/08/2022;3;13;27;17;11
05/08/2022;2;11;21;15;9
06/08/2022;2;11;19;14;9
07/08/2022;2;8;19;10;10
08/08/2022;2;11;25;14;11
09/08/2022;2;10;25;13;11
10/08/2022;2;10;22;13;11
11/08/2022;3;15;24;18;11
12/08/2022;3;15;33;20;13
13/08/2022;4;13;76;19;21
14/08/2022;2;12;44;15;16
15/08/2022;2;9;33;11;16
16/08/2022;3;10;40;15;20
17/08/2022;3;12;48;16;28
18/08/2022;3;14;38;18;25
19/08/2022;2;13;25;16;13
20/08/2022;2;10;19;13;10
21/08/2022;2;11;21;14;11
22/08/2022;2;10;18;13;8
23/08/2022;2;11;19;14;8
24/08/2022;2;8;18;11;8
25/08/2022;2;9;20;12;8
26/08/2022;3;12;20;17;9
27/08/2022;2;11;16;13;7
28/08/2022;1;8;16;10;9
29/08/2022;3;12;22;16;10
30/08/2022;3;11;30;15;14
31/08/2022;5;14;56;21;20
01/09/2022;3;11;42;15;17
02/09/2022;6;18;33;28;13
03/09/2022;3;14;31;19;14
04/09/2022;1;7;22;8;10
05/09/2022;4;11;26;17;11
06/09/2022;5;17;33;24;12
07/09/2022;8;22;32;33;10
08/09/2022;6;15;27;25;9
09/09/2022;4;16;26;23;9
10/09/2022;2;10;18;13;7
11/09/2022;2;7;17;9;8
12/09/2022;3;11;22;16;9
13/09/2022;5;17;31;24;13
14/09/2022;6;16;24;25;9
15/09/2022;4;14;23;19;7
16/09/2022;3;12;18;17;7
17/09/2022;2;9;20;11;9
18/09/2022;1;9;18;10;10
19/09/2022;3;23;18;27;9
20/09/2022;6;31;21;40;10
21/09/2022;6;34;20;42;9
22/09/2022;2;24;19;27;10
23/09/2022;6;35;23;43;12
24/09/2022;2;22;22;25;11
25/09/2022;1;11;14;13;6
26/09/2022;6;27;15;35;6
27/09/2022;6;33;16;41;6
28/09/2022;8;36;19;48;6
29/09/2022;5;26;15;33;5
30/09/2022;6;28;13;36;4
01/10/2022;4;25;14;30;6
02/10/2022;3;24;27;29;10
03/10/2022;9;43;24;56;8
04/10/2022;16;36;26;60;11
05/10/2022;7;27;22;37;8
06/10/2022;2;19;22;22;8
07/10/2022;5;30;22;37;10
08/10/2022;5;24;26;31;12
09/10/2022;5;20;;28;
10/10/2022;13;33;;52;
11/10/2022;2;25;18;28;10
12/10/2022;2;17;21;20;11
13/10/2022;9;32;26;45;13
14/10/2022;17;50;30;75;13
15/10/2022;7;42;27;53;15
16/10/2022;7;31;29;41;15
17/10/2022;11;33;36;50;16
18/10/2022;8;34;52;47;21
19/10/2022;8;29;64;41;27
20/10/2022;5;33;66;42;28
21/10/2022;8;31;34;43;14
22/10/2022;5;32;30;39;13
23/10/2022;3;25;47;29;22
24/10/2022;21;51;40;84;14
25/10/2022;12;47;44;66;19
26/10/2022;22;48;61;82;28
27/10/2022;10;35;52;50;25
28/10/2022;8;37;44;48;22
29/10/2022;3;31;37;34;21
30/10/2022;2;22;35;25;19
31/10/2022;8;39;41;51;21
01/11/2022;4;24;36;30;18
02/11/2022;9;27;32;40;15
03/11/2022;11;35;30;52;12
04/11/2022;6;25;17;35;5
05/11/2022;7;36;18;46;7
06/11/2022;7;32;20;42;8
07/11/2022;8;42;24;54;10
08/11/2022;16;44;30;69;12
09/11/2022;13;39;19;59;7
10/11/2022;7;28;17;39;6
11/11/2022;9;37;13;50;7
12/11/2022;2;19;27;21;13
13/11/2022;5;25;22;32;12
14/11/2022;18;38;26;65;11
15/11/2022;13;32;14;52;6
16/11/2022;5;21;8;29;3
17/11/2022;5;16;8;23;2
18/11/2022;8;31;12;43;5
19/11/2022;6;26;10;35;4
20/11/2022;5;20;8;27;4
21/11/2022;6;20;9;29;3
22/11/2022;6;21;9;30;3
23/11/2022;5;15;7;23;3
24/11/2022;20;39;13;69;6
25/11/2022;6;24;13;32;6
26/11/2022;11;41;20;57;10
27/11/2022;7;37;18;47;11
28/11/2022;6;30;14;39;6
29/11/2022;9;28;11;42;5
30/11/2022;24;54;26;91;10
01/12/2022;2;24;15;27;7
02/12/2022;2;21;16;24;9
03/12/2022;8;34;19;46;12
04/12/2022;4;32;20;38;13
05/12/2022;6;33;24;42;15
06/12/2022;10;37;32;52;20
07/12/2022;17;40;37;67;26
08/12/2022;10;37;37;52;29
09/12/2022;20;48;16;78;8
10/12/2022;7;26;11;37;5
11/12/2022;4;24;10;30;7
12/12/2022;28;41;25;84;14
13/12/2022;12;32;11;50;5
14/12/2022;22;47;17;80;7
15/12/2022;5;30;11;38;5
16/12/2022;7;34;15;45;7
17/12/2022;11;38;21;55;13
18/12/2022;7;31;18;41;13
19/12/2022;20;44;23;74;15
20/12/2022;26;46;34;86;15
21/12/2022;5;26;16;33;6
22/12/2022;9;33;17;45;6
23/12/2022;9;32;11;45;5
24/12/2022;9;36;16;50;10
25/12/2022;4;31;17;38;9
26/12/2022;29;55;37;98;17
27/12/2022;19;50;30;78;15
28/12/2022;27;50;39;91;22
29/12/2022;8;31;23;43;10
30/12/2022;6;26;25;35;9
31/12/2022;12;43;30;61;16
01/01/2023;11;36;29;53;19
02/01/2023;16;42;37;66;21
03/01/2023;22;47;40;81;27
04/01/2023;20;46;31;77;19
05/01/2023;23;43;31;78;20
06/01/2023;12;41;26;59;18
07/01/2023;7;30;19;40;12
08/01/2023;4;16;9;23;4
09/01/2023;7;34;14;45;5
10/01/2023;12;44;18;63;8
11/01/2023;14;44;20;66;9
12/01/2023;17;45;22;72;10
13/01/2023;37;56;31;112;14
14/01/2023;10;35;17;50;10
15/01/2023;4;17;14;23;6
16/01/2023;5;17;18;24;4
17/01/2023;3;15;20;19;4
18/01/2023;5;25;8;32;3
19/01/2023;7;24;9;34;3
20/01/2023;16;40;17;65;7
21/01/2023;11;24;13;40;6
22/01/2023;5;15;8;22;4
23/01/2023;23;45;;79;
24/01/2023;6;30;;39;
25/01/2023;14;42;26;64;11
26/01/2023;24;50;22;87;11
27/01/2023;14;50;20;70;9
28/01/2023;5;33;16;41;8
29/01/2023;3;22;13;26;8
30/01/2023;15;41;22;63;12
31/01/2023;27;55;30;95;16
01/02/2023;22;56;32;89;19
02/02/2023;19;59;33;88;19
03/02/2023;18;56;35;83;19
04/02/2023;19;64;28;92;14
05/02/2023;7;41;24;52;14
06/02/2023;4;28;19;33;10
07/02/2023;4;31;21;36;10
08/02/2023;2;21;10;24;7
09/02/2023;2;22;15;24;8
10/02/2023;23;51;25;85;15
11/02/2023;4;36;21;42;14
12/02/2023;4;35;22;41;16
13/02/2023;13;47;27;67;17
14/02/2023;7;35;25;46;17
15/02/2023;3;39;20;44;12
16/02/2023;13;44;32;64;20
17/02/2023;24;57;35;94;23
18/02/2023;12;48;31;66;20
19/02/2023;8;52;35;64;24
20/02/2023;20;70;49;100;31
21/02/2023;36;76;48;131;26
22/02/2023;18;53;55;80;36
23/02/2023;19;46;66;75;38
24/02/2023;23;47;17;81;7
25/02/2023;37;52;18;108;10
26/02/2023;37;40;22;97;10
27/02/2023;18;28;15;56;6
28/02/2023;31;44;18;91;7
01/03/2023;13;36;;56;
02/03/2023;20;48;;78;
03/03/2023;13;49;;68;
04/03/2023;6;32;;40;
05/03/2023;5;28;29;35;18
06/03/2023;11;36;14;53;7
07/03/2023;9;29;18;42;8
08/03/2023;5;21;14;29;6
09/03/2023;6;24;15;33;6
10/03/2023;7;28;20;38;9
11/03/2023;4;18;22;23;10
12/03/2023;7;23;;33;
13/03/2023;14;37;;59;
14/03/2023;7;33;;44;
15/03/2023;12;43;;61;
16/03/2023;11;34;;51;
17/03/2023;7;29;39;39;21
18/03/2023;6;34;37;42;22
19/03/2023;9;33;48;46;33
20/03/2023;12;40;39;58;15
21/03/2023;11;35;;52;
22/03/2023;9;36;;49;
23/03/2023;12;41;39;59;24
24/03/2023;8;53;43;65;24
25/03/2023;3;30;28;35;17
26/03/2023;7;28;19;38;7
27/03/2023;5;25;17;32;6
28/03/2023;7;34;26;44;11
29/03/2023;12;31;24;50;11
30/03/2023;23;47;37;82;13
31/03/2023;4;22;36;27;9
01/04/2023;2;18;31;22;12
02/04/2023;2;11;12;13;3
03/04/2023;11;31;45;47;8
04/04/2023;7;30;20;41;7
05/04/2023;4;31;22;37;9
06/04/2023;7;31;21;41;9
07/04/2023;3;19;19;23;8
08/04/2023;2;18;23;20;11
09/04/2023;2;18;18;21;10
10/04/2023;2;17;25;20;16
11/04/2023;4;24;26;30;17
12/04/2023;3;26;28;30;9
13/04/2023;3;23;20;27;6
14/04/2023;4;26;19;32;5
15/04/2023;2;15;18;18;6
16/04/2023;2;14;15;16;5
17/04/2023;2;15;17;17;7
18/04/2023;2;20;17;23;8
19/04/2023;5;29;19;37;9
20/04/2023;9;38;29;51;11
21/04/2023;5;23;30;29;15
22/04/2023;2;22;31;24;18
23/04/2023;3;24;24;28;14
24/04/2023;4;24;20;30;11
25/04/2023;12;37;27;54;11
26/04/2023;2;18;23;21;14
27/04/2023;4;27;25;33;15
28/04/2023;3;27;24;30;15
29/04/2023;4;28;25;33;12
30/04/2023;2;18;18;21;9
01/05/2023;2;17;16;19;9
02/05/2023;5;26;20;33;8
03/05/2023;6;32;24;40;9
04/05/2023;6;26;23;35;10
05/05/2023;3;20;26;24;15
06/05/2023;3;19;25;22;12
07/05/2023;2;16;20;18;9
08/05/2023;6;30;24;38;12
09/05/2023;9;35;29;49;12
10/05/2023;;;22;;9
11/05/2023;3;20;19;24;7
12/05/2023;6;22;15;30;5
13/05/2023;4;14;13;20;5
14/05/2023;5;15;;22;
15/05/2023;5;26;;34;
16/05/2023;5;19;17;27;5
17/05/2023;5;22;23;30;9
18/05/2023;6;21;21;30;9
19/05/2023;4;22;20;29;9
20/05/2023;4;24;21;30;11
21/05/2023;3;13;17;18;9
22/05/2023;3;14;18;19;10
23/05/2023;5;31;23;38;13
24/05/2023;9;32;24;45;14
25/05/2023;11;30;27;47;15
26/05/2023;4;20;21;27;11
27/05/2023;4;19;34;24;19
28/05/2023;4;17;27;23;14
29/05/2023;5;26;26;34;14
30/05/2023;7;29;25;40;12
31/05/2023;7;30;29;42;13
01/06/2023;4;18;28;24;17
02/06/2023;4;22;23;29;14
03/06/2023;4;19;19;25;12
04/06/2023;4;16;15;22;9
05/06/2023;6;21;17;29;8
06/06/2023;6;24;17;34;8
07/06/2023;6;25;17;35;8
08/06/2023;7;27;22;38;11
09/06/2023;7;22;17;33;8
10/06/2023;5;22;19;29;9
11/06/2023;3;14;22;19;12
12/06/2023;7;24;25;34;11
13/06/2023;6;28;20;38;9
14/06/2023;8;31;17;43;7
15/06/2023;8;35;24;47;12
16/06/2023;4;25;24;31;13
17/06/2023;3;22;25;27;13
18/06/2023;3;17;24;22;13
19/06/2023;9;29;30;42;15
22/06/2023;7;28;13;38;6
23/06/2023;5;26;17;33;8
24/06/2023;5;22;20;29;10
25/06/2023;5;24;26;32;13
26/06/2023;4;18;20;23;10
27/06/2023;4;20;20;27;11
28/06/2023;4;20;22;26;12
29/06/2023;6;20;22;30;12
30/06/2023;5;22;19;29;9
01/07/2023;6;20;21;29;11
02/07/2023;5;19;;26;
03/07/2023;5;21;;29;
04/07/2023;6;20;;30;
05/07/2023;4;15;;22;
06/07/2023;5;19;17;27;9
07/07/2023;4;18;18;25;9
08/07/2023;4;17;23;24;12
09/07/2023;4;14;28;19;15
10/07/2023;4;16;39;22;16
11/07/2023;7;26;54;36;22
12/07/2023;4;16;50;22;22
13/07/2023;4;16;34;23;16
14/07/2023;5;18;29;26;13
15/07/2023;4;14;36;19;17
16/07/2023;3;10;31;14;14
17/07/2023;4;13;28;18;13
18/07/2023;6;22;38;31;18
19/07/2023;5;24;46;32;21
20/07/2023;4;19;38;24;19
21/07/2023;5;20;38;28;18
22/07/2023;3;14;33;19;15
23/07/2023;3;15;37;20;16
24/07/2023;8;30;45;42;19
25/07/2023;4;17;25;24;10
26/07/2023;4;17;22;24;8
27/07/2023;5;20;24;27;10
28/07/2023;5;17;29;25;15
29/07/2023;5;16;22;23;10
30/07/2023;3;11;29;16;12
31/07/2023;4;14;29;20;12
01/08/2023;4;19;31;26;14
02/08/2023;6;29;36;37;16
03/08/2023;3;14;29;19;11
04/08/2023;4;16;24;23;6
05/08/2023;5;18;19;25;6
06/08/2023;4;16;21;22;8
07/08/2023;4;15;23;21;9
08/08/2023;4;16;24;22;10
09/08/2023;6;21;22;29;9
10/08/2023;5;22;41;29;13
11/08/2023;3;16;24;20;12
12/08/2023;3;15;28;20;15
13/08/2023;3;11;23;16;12
14/08/2023;3;12;19;17;9
15/08/2023;3;10;21;14;10
16/08/2023;3;14;25;19;13
17/08/2023;4;15;27;22;14
18/08/2023;6;23;30;32;17
19/08/2023;3;15;26;20;15
20/08/2023;3;13;24;19;13
21/08/2023;6;32;34;41;15
22/08/2023;6;37;45;46;16
23/08/2023;6;38;46;47;16
24/08/2023;6;36;44;45;18
25/08/2023;6;28;39;37;18
26/08/2023;3;17;36;22;19
27/08/2023;3;11;15;15;7
28/08/2023;7;23;12;34;4
29/08/2023;6;20;14;29;5
30/08/2023;5;20;16;28;6
31/08/2023;6;20;17;29;7
01/09/2023;6;20;19;28;8
02/09/2023;3;12;14;17;7
03/09/2023;3;8;25;13;12
04/09/2023;4;13;43;19;17
05/09/2023;4;18;42;24;17
06/09/2023;4;16;20;21;10
07/09/2023;5;21;21;29;11
08/09/2023;6;29;23;37;11
09/09/2023;4;18;17;24;9
10/09/2023;3;12;17;17;10
11/09/2023;6;22;21;31;11
12/09/2023;5;20;21;27;11
13/09/2023;7;19;19;29;9
14/09/2023;4;17;17;22;8
15/09/2023;4;21;14;27;7
16/09/2023;4;15;27;20;11
17/09/2023;3;16;34;21;15
18/09/2023;7;30;16;41;7
19/09/2023;8;25;21;38;9
20/09/2023;8;32;15;44;5
21/09/2023;5;21;14;29;5
22/09/2023;6;23;14;32;5
23/09/2023;4;18;15;24;6
24/09/2023;4;17;13;23;6
25/09/2023;11;25;17;42;7
26/09/2023;7;23;17;34;7
27/09/2023;6;26;18;35;8
28/09/2023;10;31;23;46;9
29/09/2023;9;36;21;49;11
30/09/2023;6;38;26;46;12
01/10/2023;7;27;21;37;10
02/10/2023;6;23;22;32;11
03/10/2023;7;24;25;34;14
04/10/2023;7;31;24;41;14
05/10/2023;8;32;23;44;14
06/10/2023;10;32;29;47;16
07/10/2023;4;23;28;29;17
08/10/2023;5;20;33;27;18
09/10/2023;5;18;26;25;17
10/10/2023;7;28;24;38;12
11/10/2023;7;28;25;38;13
12/10/2023;3;19;23;24;14
13/10/2023;6;27;28;37;15
14/10/2023;5;29;32;37;16
15/10/2023;4;17;23;23;13
16/10/2023;12;29;25;47;12
17/10/2023;8;28;31;40;16
18/10/2023;5;21;20;28;7
19/10/2023;6;25;21;35;6
20/10/2023;4;14;12;20;4
21/10/2023;4;21;11;27;4
22/10/2023;4;16;13;21;6
23/10/2023;6;24;14;33;5
24/10/2023;5;18;7;26;2
25/10/2023;7;22;10;33;4
26/10/2023;5;14;11;22;4
27/10/2023;6;23;12;32;4
28/10/2023;4;15;9;21;4
29/10/2023;4;20;12;27;6
30/10/2023;8;26;13;38;4
31/10/2023;10;39;20;54;8
01/11/2023;4;19;14;25;5
02/11/2023;4;10;24;16;4
03/11/2023;5;14;11;22;3
04/11/2023;3;7;9;13;3
05/11/2023;4;12;11;19;6
06/11/2023;7;23;12;33;5
07/11/2023;10;27;12;43;5
08/11/2023;14;39;17;61;7
09/11/2023;9;32;14;46;5
10/11/2023;7;24;14;35;5
11/11/2023;4;12;11;19;4
12/11/2023;7;16;9;27;4
13/11/2023;18;35;17;62;5
14/11/2023;25;40;24;78;8
15/11/2023;14;37;24;59;9
16/11/2023;29;52;34;97;16
17/11/2023;20;49;30;81;14
18/11/2023;6;30;24;39;16
19/11/2023;6;29;27;38;19
20/11/2023;17;45;38;72;27
21/11/2023;9;24;22;37;9
22/11/2023;9;31;22;45;6
23/11/2023;21;46;30;78;10
24/11/2023;15;46;30;69;10
25/11/2023;8;33;32;46;14
26/11/2023;6;27;28;36;14
27/11/2023;19;33;41;62;15
28/11/2023;9;22;21;35;9
29/11/2023;14;33;14;54;5
30/11/2023;9;24;20;38;4
01/12/2023;12;27;25;45;7
02/12/2023;5;22;13;29;5
03/12/2023;6;29;14;38;7
04/12/2023;11;30;11;47;5
05/12/2023;19;43;18;72;7
06/12/2023;6;30;19;40;12
07/12/2023;19;36;17;65;10
08/12/2023;4;14;9;20;4
09/12/2023;5;23;11;31;5
10/12/2023;7;16;7;26;3
11/12/2023;30;47;27;92;9
12/12/2023;24;38;17;75;6
13/12/2023;13;35;17;56;5
14/12/2023;8;26;14;37;4
15/12/2023;32;61;27;110;11
16/12/2023;8;34;18;47;9
17/12/2023;6;28;18;37;10
18/12/2023;30;53;29;99;14
19/12/2023;51;65;38;143;15
20/12/2023;16;40;25;65;9
21/12/2023;25;51;17;89;7
22/12/2023;34;56;23;109;9
23/12/2023;11;46;19;62;10
24/12/2023;10;38;21;54;13
25/12/2023;11;39;21;56;14
26/12/2023;44;58;32;126;16
27/12/2023;28;57;31;100;18
28/12/2023;36;57;40;111;24
29/12/2023;37;62;56;119;39
30/12/2023;19;52;44;81;33
31/12/2023;6;21;22;30;15
01/01/2024;6;29;14;38;9
02/01/2024;9;31;15;45;6
03/01/2024;7;21;15;31;5
04/01/2024;13;39;21;58;11
05/01/2024;7;20;12;31;5
06/01/2024;5;12;8;20;3
07/01/2024;4;12;6;18;3
08/01/2024;11;33;14;49;5
09/01/2024;14;37;19;59;8
10/01/2024;15;39;20;62;11
11/01/2024;7;26;15;37;8
12/01/2024;16;40;25;64;13
13/01/2024;21;48;29;80;20
14/01/2024;15;25;21;48;9
15/01/2024;7;21;18;32;6
16/01/2024;8;23;25;35;8
17/01/2024;11;24;23;40;6
18/01/2024;5;18;9;26;3
19/01/2024;4;20;8;26;4
20/01/2024;4;21;15;28;7
21/01/2024;5;23;18;32;12
22/01/2024;20;39;22;69;13
23/01/2024;22;43;22;76;13
24/01/2024;33;52;32;102;18
25/01/2024;44;62;48;129;30
26/01/2024;35;54;39;108;24
27/01/2024;12;47;37;65;29
28/01/2024;6;24;34;33;28
29/01/2024;11;29;31;46;18
30/01/2024;11;40;35;57;21
31/01/2024;11;40;31;57;20
01/02/2024;22;43;35;75;22
02/02/2024;27;42;37;83;20
03/02/2024;11;39;33;55;21
04/02/2024;8;38;26;49;17
05/02/2024;30;50;38;95;22
06/02/2024;33;61;46;112;24
07/02/2024;7;26;31;37;13
08/02/2024;7;23;28;33;12
09/02/2024;10;35;21;51;10
10/02/2024;5;11;5;18;2
11/02/2024;4;12;6;19;3
12/02/2024;19;30;9;59;3
13/02/2024;12;35;18;53;8
14/02/2024;25;60;30;98;16
15/02/2024;20;38;26;68;15
16/02/2024;8;40;21;53;15
17/02/2024;5;31;13;39;7
18/02/2024;6;27;14;35;8
19/02/2024;17;44;22;71;11
20/02/2024;13;39;20;59;9
21/02/2024;14;43;28;64;15
22/02/2024;12;31;27;49;12
23/02/2024;5;16;9;24;3
24/02/2024;4;15;7;22;4
25/02/2024;4;11;8;16;4
26/02/2024;5;18;10;25;4
27/02/2024;8;16;10;29;3
28/02/2024;10;36;18;52;6
29/02/2024;9;30;19;43;6
01/03/2024;7;19;15;30;6
02/03/2024;4;13;15;20;7
03/03/2024;4;9;;15;
04/03/2024;10;25;;41;
05/03/2024;12;29;;47;
06/03/2024;12;32;;50;
07/03/2024;7;24;;35;
08/03/2024;7;22;;33;
09/03/2024;7;24;;34;
10/03/2024;6;14;;22;
11/03/2024;7;24;;34;
12/03/2024;9;31;;45;
13/03/2024;11;40;29;57;15
14/03/2024;15;42;34;65;17
15/03/2024;13;43;46;63;22
16/03/2024;9;33;52;47;24
17/03/2024;12;35;49;54;33
18/03/2024;10;31;57;47;42
19/03/2024;8;23;48;35;36
20/03/2024;4;21;31;27;20
21/03/2024;4;19;26;26;14
22/03/2024;12;35;37;53;19
23/03/2024;7;34;42;44;19
24/03/2024;3;17;28;22;14
25/03/2024;4;24;16;31;9
26/03/2024;6;18;10;27;4
27/03/2024;6;14;;23;
28/03/2024;5;24;16;32;7
29/03/2024;6;17;11;26;4
30/03/2024;6;19;8;28;4
31/03/2024;5;12;5;19;2
01/04/2024;4;11;4;18;2
02/04/2024;7;27;13;37;5
03/04/2024;7;31;17;42;7
04/04/2024;9;31;22;44;9
05/04/2024;6;28;25;38;14
06/04/2024;3;17;26;22;16
07/04/2024;3;15;40;20;21
08/04/2024;5;21;31;29;13
09/04/2024;5;18;12;25;3
10/04/2024;6;25;19;33;6
11/04/2024;4;20;19;25;8
12/04/2024;8;42;25;54;9
13/04/2024;7;44;26;55;10
14/04/2024;4;20;25;26;10
15/04/2024;15;39;35;61;15
16/04/2024;4;21;28;28;12
17/04/2024;6;23;21;33;8
18/04/2024;8;28;23;39;9
19/04/2024;4;20;18;27;8
20/04/2024;4;20;17;26;8
21/04/2024;3;15;15;21;7
22/04/2024;4;15;18;21;8
23/04/2024;4;18;13;24;5
24/04/2024;5;19;16;26;5
25/04/2024;5;20;19;28;8
26/04/2024;4;18;22;24;12
27/04/2024;4;21;18;27;9
28/04/2024;4;13;12;19;5
29/04/2024;4;23;14;30;7
30/04/2024;9;25;15;38;6
01/05/2024;3;8;7;13;3
02/05/2024;6;20;8;29;3
03/05/2024;8;26;20;38;6
04/05/2024;5;21;17;28;8
05/05/2024;4;25;22;32;11
06/05/2024;10;22;15;36;5
07/05/2024;7;23;17;33;7
08/05/2024;7;24;17;34;6
09/05/2024;7;28;21;39;7
10/05/2024;7;26;19;37;8
11/05/2024;5;19;14;26;7
12/05/2024;4;12;;18;
13/05/2024;6;22;15;31;7
14/05/2024;7;25;21;36;10
15/05/2024;6;17;16;26;6
16/05/2024;5;19;19;27;6
17/05/2024;6;22;23;31;7
18/05/2024;3;10;19;15;9
19/05/2024;3;9;16;13;8
20/05/2024;6;17;15;25;7
21/05/2024;7;19;18;29;8
22/05/2024;5;18;15;26;6
23/05/2024;4;17;16;24;7
24/05/2024;3;12;16;17;9
25/05/2024;3;11;15;16;8
26/05/2024;3;9;18;14;10
27/05/2024;3;10;23;15;12
28/05/2024;4;13;18;18;8
29/05/2024;6;20;23;28;10
30/05/2024;6;22;22;32;10
31/05/2024;3;14;19;19;8
01/06/2024;3;12;15;16;7
02/06/2024;4;12;16;18;9
03/06/2024;4;16;16;22;7
04/06/2024;6;24;19;34;8
05/06/2024;6;17;19;26;9
06/06/2024;6;20;20;29;9
07/06/2024;5;22;22;29;9
08/06/2024;3;13;27;17;10
09/06/2024;3;10;16;16;7
10/06/2024;4;16;17;23;7
11/06/2024;4;17;15;23;8
12/06/2024;5;19;14;26;7
13/06/2024;7;22;16;31;8
14/06/2024;6;24;24;33;12
15/06/2024;3;13;;18;
16/06/2024;3;6;;10;
17/06/2024;4;12;;18;
18/06/2024;4;13;;19;
19/06/2024;8;18;25;30;9
20/06/2024;7;11;22;22;7
21/06/2024;5;12;15;19;6
22/06/2024;4;11;16;16;6
23/06/2024;3;7;14;12;6
24/06/2024;3;9;13;14;6
25/06/2024;4;10;16;16;7
26/06/2024;3;7;13;12;6
27/06/2024;4;9;17;15;7
28/06/2024;3;8;22;13;10
29/06/2024;4;7;16;13;6
30/06/2024;3;7;19;11;10
01/07/2024;3;11;17;15;10
02/07/2024;5;11;14;19;6
03/07/2024;6;15;20;25;9
04/07/2024;4;12;17;18;8
05/07/2024;3;10;17;15;8
06/07/2024;4;8;16;13;8
07/07/2024;2;6;14;9;7
08/07/2024;3;8;17;13;8
09/07/2024;3;9;19;14;9
10/07/2024;4;11;25;17;12
11/07/2024;3;7;27;12;14
12/07/2024;3;9;31;14;14
13/07/2024;2;6;22;10;11
14/07/2024;3;7;25;12;13
15/07/2024;5;12;30;21;16
16/07/2024;3;8;25;13;13
17/07/2024;3;6;19;10;10
18/07/2024;5;11;21;18;9
19/07/2024;5;13;21;21;10
20/07/2024;5;13;29;20;12
21/07/2024;3;8;24;12;10
22/07/2024;4;9;22;14;10
23/07/2024;6;15;30;23;11
24/07/2024;3;9;21;14;9
25/07/2024;3;8;19;13;8
26/07/2024;3;9;15;14;7
27/07/2024;3;9;23;14;14
28/07/2024;3;6;22;10;11
29/07/2024;4;11;30;18;13
30/07/2024;6;18;29;27;12
31/07/2024;5;15;33;22;14
01/08/2024;4;10;28;15;14
02/08/2024;3;9;37;14;17
03/08/2024;3;10;30;14;15
04/08/2024;3;6;26;10;14
05/08/2024;4;10;26;16;12
06/08/2024;3;7;23;12;12
07/08/2024;3;8;22;13;10
08/08/2024;4;10;23;17;11
09/08/2024;6;13;23;22;12
10/08/2024;4;12;21;18;10
11/08/2024;3;6;18;10;8
12/08/2024;4;9;20;15;9
13/08/2024;3;8;25;12;11
14/08/2024;5;13;24;21;11
15/08/2024;3;7;12;11;5
16/08/2024;4;11;14;17;6
17/08/2024;4;12;19;18;9
18/08/2024;3;9;17;13;9
19/08/2024;3;9;25;14;16
20/08/2024;3;9;25;14;15
21/08/2024;3;8;27;12;18
22/08/2024;4;10;33;16;22
23/08/2024;3;9;31;13;23
24/08/2024;3;8;29;12;22
25/08/2024;3;6;26;10;14
26/08/2024;3;7;19;12;9
27/08/2024;4;11;24;17;10
28/08/2024;3;7;19;11;8
29/08/2024;2;7;19;11;8
30/08/2024;2;7;22;10;10
31/08/2024;2;6;25;10;12
01/09/2024;2;6;26;9;14
02/09/2024;3;9;32;13;16
03/09/2024;3;9;36;14;16
04/09/2024;3;15;22;20;10
05/09/2024;4;11;19;17;7
06/09/2024;6;13;25;22;10
07/09/2024;6;12;29;21;12
08/09/2024;4;9;33;15;12
09/09/2024;5;13;29;20;10
10/09/2024;4;10;26;16;11
11/09/2024;3;8;28;12;12
12/09/2024;7;12;32;22;11
13/09/2024;3;9;21;13;7
14/09/2024;2;9;24;13;9
15/09/2024;2;7;24;10;10
16/09/2024;5;14;28;22;9
17/09/2024;4;12;29;18;10
18/09/2024;2;10;20;13;9
19/09/2024;3;12;17;17;8
20/09/2024;5;14;25;21;12
21/09/2024;2;9;19;12;10
22/09/2024;3;7;20;11;11
23/09/2024;6;12;32;21;19
24/09/2024;8;16;43;28;21
25/09/2024;7;13;30;23;11
26/09/2024;5;9;30;17;6
27/09/2024;4;8;21;14;7
28/09/2024;2;10;17;14;6
29/09/2024;2;7;18;11;8
30/09/2024;7;15;30;26;11
01/10/2024;4;14;29;21;11
02/10/2024;10;17;46;33;13
03/10/2024;3;9;22;15;6
04/10/2024;5;15;27;22;9
05/10/2024;3;11;25;16;11
06/10/2024;6;11;66;20;26
07/10/2024;14;15;70;36;24
08/10/2024;7;15;25;26;7
09/10/2024;2;5;21;8;7
10/10/2024;6;12;18;21;5
11/10/2024;4;12;25;19;11
12/10/2024;2;13;32;16;18
13/10/2024;2;8;24;11;14
14/10/2024;3;9;28;14;13
17/10/2024;5;12;16;19;5
18/10/2024;6;15;22;23;8
19/10/2024;3;12;21;17;9
20/10/2024;2;11;23;15;12
21/10/2024;6;12;26;21;12
22/10/2024;6;14;25;24;11
23/10/2024;4;29;15;36;8
24/10/2024;15;38;26;62;13
25/10/2024;25;34;41;72;23
26/10/2024;4;11;11;17;5
27/10/2024;2;10;7;13;5
28/10/2024;7;16;20;27;9
29/10/2024;2;8;39;11;20
30/10/2024;2;10;162;13;50
31/10/2024;4;11;103;16;35
01/11/2024;3;9;24;13;11
02/11/2024;4;12;28;18;12
03/11/2024;2;9;26;12;14
04/11/2024;4;16;36;21;17
05/11/2024;8;20;63;32;28
06/11/2024;4;15;55;20;28
07/11/2024;7;16;35;27;16
08/11/2024;12;26;55;44;20
09/11/2024;7;20;58;29;27
10/11/2024;7;17;44;29;15
11/11/2024;12;26;49;44;14
12/11/2024;6;17;45;26;12
13/11/2024;4;14;17;21;7
14/11/2024;2;10;27;13;13
15/11/2024;2;19;34;23;16
16/11/2024;6;22;44;32;18
17/11/2024;8;22;51;34;20
18/11/2024;23;26;72;61;25
19/11/2024;;;83;;25
20/11/2024;7;20;52;30;14
21/11/2024;7;19;43;30;9
22/11/2024;6;21;32;30;9
23/11/2024;2;19;29;22;13
24/11/2024;3;17;36;22;17
25/11/2024;19;36;122;65;36
26/11/2024;17;30;35;56;12
27/11/2024;21;37;44;70;18
28/11/2024;15;31;56;54;26
29/11/2024;31;39;82;86;32
30/11/2024;11;30;60;47;38
01/12/2024;7;23;62;34;36
02/12/2024;80;40;120;163;47
03/12/2024;23;28;58;64;24
04/12/2024;11;31;47;48;18
05/12/2024;27;46;58;87;17
06/12/2024;7;25;39;36;13
07/12/2024;5;18;33;25;11
08/12/2024;3;10;20;14;5
09/12/2024;7;18;20;28;5
10/12/2024;12;29;34;48;10
11/12/2024;5;22;18;30;7
12/12/2024;16;30;29;54;12
13/12/2024;16;34;46;59;19
14/12/2024;7;29;31;39;13
15/12/2024;8;25;27;38;11
16/12/2024;18;33;39;61;13
17/12/2024;26;39;52;79;21
18/12/2024;59;47;83;138;28
19/12/2024;5;21;86;28;23
20/12/2024;11;34;39;51;12
21/12/2024;10;32;38;47;13
22/12/2024;5;22;30;29;10
23/12/2024;2;13;32;17;7
24/12/2024;23;38;42;74;15
25/12/2024;3;20;23;25;10
26/12/2024;24;35;40;71;20
27/12/2024;24;40;45;77;24
28/12/2024;8;25;33;37;19
29/12/2024;12;27;31;45;20
30/12/2024;20;36;38;67;20
31/12/2024;9;24;28;39;20
01/01/2025;4;22;21;28;18
02/01/2025;14;31;32;52;13
03/01/2025;11;32;30;49;11
04/01/2025;6;27;25;36;11
05/01/2025;4;19;33;26;15
06/01/2025;7;20;21;30;8
07/01/2025;7;21;19;32;5
08/01/2025;7;21;21;32;6
09/01/2025;7;20;24;30;8
10/01/2025;6;19;24;29;7
11/01/2025;3;11;18;15;6
12/01/2025;2;9;21;11;7
13/01/2025;6;24;34;34;12
14/01/2025;14;33;38;55;14
15/01/2025;31;44;58;92;22
16/01/2025;11;23;32;39;13
17/01/2025;4;19;19;25;9
18/01/2025;14;30;30;52;15
19/01/2025;6;26;27;35;14
20/01/2025;22;42;42;76;18
21/01/2025;46;46;53;116;26
22/01/2025;31;38;70;86;26
23/01/2025;8;28;32;39;10
24/01/2025;12;29;30;47;11
25/01/2025;3;15;20;20;9
26/01/2025;3;16;14;21;6
27/01/2025;5;13;28;20;5
28/01/2025;4;11;16;17;4
29/01/2025;6;21;23;29;8
30/01/2025;6;18;23;27;7
31/01/2025;5;21;20;29;7
01/02/2025;4;20;21;25;11
02/02/2025;6;20;17;28;9
03/02/2025;19;36;27;65;11
04/02/2025;16;35;40;60;15
05/02/2025;16;40;39;65;18
06/02/2025;13;38;43;59;23
07/02/2025;14;33;45;54;23
08/02/2025;4;23;26;29;15
09/02/2025;4;20;22;27;12
10/02/2025;14;27;30;49;14
11/02/2025;12;28;28;47;13
12/02/2025;10;25;40;40;22
13/02/2025;13;28;30;48;10
14/02/2025;17;34;39;60;16
15/02/2025;5;20;36;28;23
16/02/2025;4;19;34;26;23
17/02/2025;11;20;48;36;32
18/02/2025;8;20;44;32;26
19/02/2025;14;25;48;46;30
20/02/2025;8;23;43;35;26
21/02/2025;3;23;41;28;23
22/02/2025;4;21;40;28;25
23/02/2025;3;18;55;22;37
24/02/2025;13;29;36;49;12
25/02/2025;7;23;28;34;9
26/02/2025;8;25;26;37;9
27/02/2025;16;33;39;57;14
28/02/2025;8;23;33;36;16
01/03/2025;3;13;39;17;20
02/03/2025;2;10;30;14;18
03/03/2025;4;14;;20;
04/03/2025;2;11;;14;
05/03/2025;2;10;36;13;19
06/03/2025;2;10;47;14;24
07/03/2025;6;21;32;31;17
08/03/2025;6;21;;30;
09/03/2025;6;13;;22;
10/03/2025;10;25;;39;
11/03/2025;12;24;27;42;10
12/03/2025;8;18;20;29;6
13/03/2025;10;28;31;43;16
14/03/2025;4;27;21;34;14
15/03/2025;4;21;39;26;22
16/03/2025;5;21;39;30;26
17/03/2025;6;21;30;30;19
18/03/2025;5;18;31;25;23
19/03/2025;8;17;50;29;36
20/03/2025;4;14;83;20;35
21/03/2025;8;25;64;37;24
22/03/2025;4;10;13;16;5
23/03/2025;2;9;10;12;4
24/03/2025;6;17;20;27;7
25/03/2025;7;23;23;35;8
26/03/2025;8;23;25;35;9
27/03/2025;5;19;24;27;11
28/03/2025;7;23;31;32;12
29/03/2025;2;7;24;10;6
30/03/2025;2;14;17;17;7
31/03/2025;17;36;45;62;13
01/04/2025;7;21;33;31;16
02/04/2025;4;18;28;24;13
03/04/2025;2;9;32;12;14
04/04/2025;2;12;31;15;16
05/04/2025;2;13;18;17;8
06/04/2025;2;12;15;16;6
07/04/2025;8;22;34;34;12
08/04/2025;7;16;37;27;20
09/04/2025;6;20;41;29;24
10/04/2025;3;14;32;19;16
11/04/2025;2;12;31;14;16
12/04/2025;3;19;39;24;25
13/04/2025;2;15;44;19;32
14/04/2025;5;22;37;30;23
15/04/2025;5;12;22;19;5
16/04/2025;4;12;16;18;4
17/04/2025;5;16;19;23;6
18/04/2025;4;18;20;23;9
19/04/2025;3;9;17;13;5
20/04/2025;2;8;11;12;4
21/04/2025;3;12;15;17;6
22/04/2025;10;25;22;41;12
23/04/2025;7;21;24;31;10
24/04/2025;9;22;26;36;11
25/04/2025;3;15;28;20;16
26/04/2025;3;14;24;18;14
27/04/2025;2;9;11;12;4
29/04/2025;;;18;;8
30/04/2025;2;10;23;13;10
01/05/2025;2;8;29;10;14
02/05/2025;2;11;41;14;20
03/05/2025;3;17;43;21;23
04/05/2025;3;8;16;13;6
05/05/2025;4;16;19;23;5
06/05/2025;3;14;18;18;6
07/05/2025;2;16;19;20;8
08/05/2025;5;23;21;30;11
09/05/2025;5;17;20;24;13
10/05/2025;2;10;19;13;12
11/05/2025;2;9;17;12;10
12/05/2025;4;15;16;22;7
13/05/2025;3;13;18;18;10
14/05/2025;2;10;20;13;12
15/05/2025;7;20;21;30;8
16/05/2025;5;21;23;29;9
17/05/2025;2;12;19;15;11
18/05/2025;2;12;20;15;13
19/05/2025;9;20;34;34;10
20/05/2025;4;19;20;26;7
21/05/2025;5;23;23;29;10
22/05/2025;3;14;18;18;8
23/05/2025;3;13;18;19;7
24/05/2025;3;13;18;17;8
25/05/2025;3;16;19;21;9
26/05/2025;2;13;23;16;12
27/05/2025;2;15;19;18;10
28/05/2025;4;18;27;24;11
29/05/2025;9;21;26;34;11
30/05/2025;4;18;25;23;11
31/05/2025;2;14;21;18;10
01/06/2025;2;13;21;16;10
02/06/2025;2;11;20;14;9
03/06/2025;4;18;26;25;12
04/06/2025;4;21;34;27;18
05/06/2025;3;17;37;22;22
06/06/2025;3;12;32;17;20
07/06/2025;3;12;28;16;17
08/06/2025;1;6;25;9;16
09/06/2025;3;16;27;20;14
10/06/2025;5;23;27;31;15
11/06/2025;8;27;43;39;22
12/06/2025;3;15;39;20;24
13/06/2025;2;9;43;12;29
14/06/2025;2;9;42;11;30
15/06/2025;2;7;37;9;24
16/06/2025;2;11;33;14;18
17/06/2025;4;17;35;24;19
18/06/2025;3;11;29;15;17
19/06/2025;5;17;31;24;17
20/06/2025;5;19;36;26;18
21/06/2025;4;17;32;22;18
22/06/2025;3;13;;18;
23/06/2025;5;17;;26;
24/06/2025;4;18;31;24;14
25/06/2025;4;20;35;25;15
26/06/2025;3;16;37;21;16
27/06/2025;5;20;42;28;19
28/06/2025;3;20;43;25;20
29/06/2025;2;15;38;18;18
30/06/2025;6;22;37;31;14
01/07/2025;6;28;33;38;13
02/07/2025;5;22;33;30;13
03/07/2025;3;14;23;18;11
04/07/2025;4;17;30;24;14
05/07/2025;2;10;33;13;15
06/07/2025;2;11;19;14;9
07/07/2025;3;10;24;14;11
08/07/2025;2;10;33;13;17
09/07/2025;3;11;26;16;12
10/07/2025;3;10;25;14;13
11/07/2025;3;11;26;15;13
12/07/2025;2;9;18;12;9
13/07/2025;3;11;17;15;9
14/07/2025;2;9;21;13;10
15/07/2025;4;14;24;20;10
16/07/2025;5;20;30;27;11
17/07/2025;5;19;38;27;14
18/07/2025;3;13;38;17;17
19/07/2025;3;11;39;15;18
20/07/2025;3;13;34;17;14
21/07/2025;3;12;29;17;11
22/07/2025;2;10;25;13;12
23/07/2025;3;12;27;16;11
24/07/2025;3;14;24;17;10
25/07/2025;4;13;21;18;8
26/07/2025;3;15;22;20;11
27/07/2025;2;11;22;13;10
28/07/2025;6;17;29;27;11
29/07/2025;3;11;24;15;11
30/07/2025;2;13;26;17;13
31/07/2025;3;13;22;18;11
01/08/2025;3;14;25;18;11
02/08/2025;2;11;21;14;10
03/08/2025;2;9;20;12;10
04/08/2025;3;12;24;16;11
05/08/2025;3;15;30;20;12
06/08/2025;4;14;28;19;11
07/08/2025;3;11;30;15;15
08/08/2025;4;16;35;22;19
09/08/2025;2;11;33;14;20
10/08/2025;2;16;39;20;20
11/08/2025;4;24;72;30;27
12/08/2025;3;12;41;16;20
13/08/2025;4;17;41;23;19
14/08/2025;4;19;33;25;17
15/08/2025;3;20;35;24;19
16/08/2025;2;19;41;22;21
17/08/2025;4;25;52;31;29
18/08/2025;3;18;52;22;29
19/08/2025;2;9;38;12;19
20/08/2025;3;14;38;18;21
21/08/2025;5;12;34;19;17
22/08/2025;3;11;23;16;11
23/08/2025;2;10;22;13;12
24/08/2025;2;10;25;13;14
25/08/2025;2;10;30;12;16
26/08/2025;2;13;37;17;18
27/08/2025;3;12;39;16;18
28/08/2025;4;13;47;19;20
29/08/2025;4;14;39;19;17
30/08/2025;3;14;29;19;12
31/08/2025;2;10;28;14;11
01/09/2025;5;15;29;22;7
02/09/2025;5;13;30;21;8
03/09/2025;4;17;36;23;10
04/09/2025;6;19;40;29;12
05/09/2025;3;12;27;15;11
06/09/2025;2;10;23;13;11
07/09/2025;2;11;29;14;13
08/09/2025;3;16;51;20;21
09/09/2025;2;11;30;15;12
10/09/2025;6;21;35;30;13
11/09/2025;5;15;28;23;8
12/09/2025;3;11;22;16;8
13/09/2025;2;9;21;12;10
14/09/2025;2;7;18;10;9
15/09/2025;5;16;23;24;10
16/09/2025;4;14;20;21;9
17/09/2025;6;16;22;25;10
18/09/2025;6;14;28;23;10
19/09/2025;4;14;23;20;11
20/09/2025;3;15;19;19;10
21/09/2025;2;12;25;15;11
22/09/2025;3;12;23;17;7
23/09/2025;4;16;22;21;6
24/09/2025;3;12;21;17;6
25/09/2025;4;16;20;23;6
26/09/2025;7;23;30;34;9
27/09/2025;5;15;25;22;10
28/09/2025;3;11;23;14;10
29/09/2025;2;7;7;10;4
30/09/2025;3;16;18;20;9
01/10/2025;6;19;24;28;12
02/10/2025;6;21;25;30;13
03/10/2025;7;23;33;33;18
04/10/2025;6;25;29;34;15
05/10/2025;3;12;45;17;20
06/10/2025;6;18;21;26;9
07/10/2025;9;19;25;33;11
08/10/2025;8;20;27;33;14
09/10/2025;2;10;12;13;7
10/10/2025;3;12;14;15;8
11/10/2025;2;12;10;16;6
12/10/2025;2;12;11;15;6
13/10/2025;4;19;18;26;8
14/10/2025;7;20;18;31;9
15/10/2025;7;19;23;29;12
16/10/2025;13;23;25;42;13
17/10/2025;6;19;19;28;9
18/10/2025;5;19;19;26;8
19/10/2025;4;15;21;21;11
20/10/2025;7;24;24;35;10
21/10/2025;8;15;17;26;5
22/10/2025;6;15;16;24;5
23/10/2025;3;13;23;19;6
24/10/2025;7;28;31;39;11
25/10/2025;5;13;13;21;6
26/10/2025;3;13;9;18;4
27/10/2025;14;25;18;46;8
28/10/2025;10;29;22;44;9
29/10/2025;11;29;22;46;12
30/10/2025;12;20;14;39;5
31/10/2025;7;18;14;29;6
